Rec(t='1490030024.76', event='start', piece='None', move_nu='0', move='None', instance='Jam-2')|9|6344|64214|16003|419
Rec(t='1490030054.25', event='commit_move', piece='r', move_nu='0', move='(1, 2, 2)', instance='Jam-2')|8|2752|29056|14027|293
Rec(t='1490030056.18', event='commit_move', piece='b', move_nu='1', move='(0, 1, 2)', instance='Jam-2')|7|781|8542|4850|136
Rec(t='1490030063.45', event='commit_move', piece='y', move_nu='2', move='(0, 0, 3)', instance='Jam-2')|6|337|3794|2229|79
Rec(t='1490030081.68', event='commit_move', piece='c', move_nu='3', move='(3, 0, 2)', instance='Jam-2')|5|71|792|530|33
Rec(t='1490030084.4', event='commit_move', piece='g', move_nu='4', move='(3, 4, 2)', instance='Jam-2')|4|29|315|220|20
Rec(t='1490030086.83', event='commit_move', piece='o', move_nu='5', move='(5, 3, 3)', instance='Jam-2')|3|5|48|39|5
Rec(t='1490030089.05', event='commit_move', piece='M', move_nu='6', move='(4, 0, 2)', instance='Jam-2')|2|3|30|25|3
Rec(t='1490030091.12', event='commit_move', piece='r', move_nu='7', move='(4, 2, 2)', instance='Jam-2')|1|0|0|0|0
Rec(t='1490030091.12', event='win', piece='r', move_nu='7', move='(4, 2, 2)', instance='Jam-2')|1|0|0|0|0
Rec(t='1490030093.51', event='start', piece='None', move_nu='0', move='None', instance='Jam-3')|15|19237|192960|14533|578
Rec(t='1490030145.46', event='commit_move', piece='w', move_nu='0', move='(3, 0, 3)', instance='Jam-3')|14|10345|101204|11014|573
Rec(t='1490030148.53', event='commit_move', piece='b', move_nu='1', move='(3, 3, 2)', instance='Jam-3')|14|14098|138956|18660|570
Rec(t='1490030150.43', event='commit_move', piece='l', move_nu='2', move='(1, 3, 2)', instance='Jam-3')|13|12200|114441|5947|511
Rec(t='1490030160.52', event='restart', piece='B', move_nu='3', move='(2, 5, 2)', instance='Jam-3')|13|12475|116224|6110|511
Rec(t='1490030161.24', event='start', piece='None', move_nu='0', move='None', instance='Jam-3')|15|18597|188240|14596|571
Rec(t='1490030206.34', event='commit_move', piece='y', move_nu='0', move='(5, 0, 3)', instance='Jam-3')|14|16963|166482|15331|571
Rec(t='1490030208.89', event='commit_move', piece='B', move_nu='1', move='(4, 5, 2)', instance='Jam-3')|13|13135|127842|5063|578
Rec(t='1490030210.78', event='commit_move', piece='w', move_nu='2', move='(3, 3, 3)', instance='Jam-3')|13|9583|93027|4869|570
Rec(t='1490030217.86', event='restart', piece='r', move_nu='3', move='(1, 2, 2)', instance='Jam-3')|13|9921|95972|4918|571
Rec(t='1490030218.41', event='start', piece='None', move_nu='0', move='None', instance='Jam-3')|15|18697|188214|14450|570
Rec(t='1490030224.65', event='commit_move', piece='w', move_nu='0', move='(3, 0, 3)', instance='Jam-3')|14|10122|98993|10930|571
Rec(t='1490030227.59', event='commit_move', piece='b', move_nu='1', move='(3, 3, 2)', instance='Jam-3')|14|14912|146500|20101|578
Rec(t='1490030230.24', event='commit_move', piece='l', move_nu='2', move='(1, 3, 2)', instance='Jam-3')|13|12383|115859|6124|510
Rec(t='1490030232.85', event='commit_move', piece='y', move_nu='3', move='(5, 0, 3)', instance='Jam-3')|12|14085|130227|4234|512
Rec(t='1490030235.66', event='commit_move', piece='b', move_nu='4', move='(4, 3, 2)', instance='Jam-3')|11|7167|66419|3901|516
Rec(t='1490030238.91', event='commit_move', piece='B', move_nu='5', move='(0, 5, 2)', instance='Jam-3')|10|3026|28752|6444|420
Rec(t='1490030241.59', event='commit_move', piece='w', move_nu='6', move='(3, 3, 3)', instance='Jam-3')|9|913|8969|3901|208
Rec(t='1490030246.78', event='restart', piece='r', move_nu='7', move='(1, 2, 2)', instance='Jam-3')|9|927|9129|3894|206
Rec(t='1490030247.12', event='start', piece='None', move_nu='0', move='None', instance='Jam-3')|15|18662|188107|14513|572
Rec(t='1490030251.48', event='commit_move', piece='y', move_nu='0', move='(5, 2, 3)', instance='Jam-3')|15|25197|256227|39236|572
Rec(t='1490030254.1', event='commit_move', piece='B', move_nu='1', move='(4, 5, 2)', instance='Jam-3')|14|15849|155783|9409|573
Rec(t='1490030267.62', event='restart', piece='w', move_nu='2', move='(3, 2, 3)', instance='Jam-3')|14|15806|155830|9445|571
Rec(t='1490030268.19', event='start', piece='None', move_nu='0', move='None', instance='Jam-3')|15|19378|195241|14435|577
Rec(t='1490030272.32', event='commit_move', piece='y', move_nu='0', move='(5, 0, 3)', instance='Jam-3')|14|17763|174330|15335|571
Rec(t='1490030274.19', event='commit_move', piece='B', move_nu='1', move='(4, 5, 2)', instance='Jam-3')|13|13348|129953|4894|571
Rec(t='1490030277.18', event='commit_move', piece='w', move_nu='2', move='(3, 3, 3)', instance='Jam-3')|13|9732|94439|4937|570
Rec(t='1490030281.85', event='restart', piece='None', move_nu='3', move='None', instance='Jam-3')|13|9704|93997|4925|570
Rec(t='1490030283.08', event='start', piece='None', move_nu='0', move='None', instance='Jam-3')|15|18723|189070|14447|571
Rec(t='1490030288.43', event='commit_move', piece='w', move_nu='0', move='(3, 0, 3)', instance='Jam-3')|14|10079|98685|10934|570
Rec(t='1490030290.77', event='commit_move', piece='b', move_nu='1', move='(3, 3, 2)', instance='Jam-3')|14|14603|143465|19247|578
Rec(t='1490030293.4', event='commit_move', piece='l', move_nu='2', move='(1, 3, 2)', instance='Jam-3')|13|12172|114406|6048|513
Rec(t='1490030295.7', event='commit_move', piece='B', move_nu='3', move='(0, 5, 2)', instance='Jam-3')|12|7451|69814|3708|453
Rec(t='1490030298.87', event='commit_move', piece='y', move_nu='4', move='(5, 0, 3)', instance='Jam-3')|11|7029|65284|4919|453
Rec(t='1490030300.96', event='commit_move', piece='b', move_nu='5', move='(4, 3, 2)', instance='Jam-3')|10|2931|27858|6254|420
Rec(t='1490030307.44', event='commit_move', piece='w', move_nu='6', move='(3, 3, 3)', instance='Jam-3')|9|946|9260|3912|207
Rec(t='1490030309.74', event='commit_move', piece='r', move_nu='7', move='(3, 2, 2)', instance='Jam-3')|8|364|3518|1585|128
Rec(t='1490030314.9', event='restart', piece='None', move_nu='8', move='None', instance='Jam-3')|8|383|3635|1602|131
Rec(t='1490030315.78', event='start', piece='None', move_nu='0', move='None', instance='Jam-3')|15|18820|190136|14699|573
Rec(t='1490030328.8', event='commit_move', piece='y', move_nu='0', move='(5, 2, 3)', instance='Jam-3')|15|25699|261000|39144|574
Rec(t='1490030331.45', event='commit_move', piece='B', move_nu='1', move='(4, 5, 2)', instance='Jam-3')|14|16074|158080|9412|572
Rec(t='1490030333.42', event='commit_move', piece='w', move_nu='2', move='(3, 3, 3)', instance='Jam-3')|14|12334|120973|9371|571
Rec(t='1490030336.14', event='commit_move', piece='r', move_nu='3', move='(3, 2, 2)', instance='Jam-3')|15|12261|127046|15069|571
Rec(t='1490030343.69', event='restart', piece='y', move_nu='4', move='(5, 2, 3)', instance='Jam-3')|15|12730|131999|27146|570
Rec(t='1490030344.73', event='start', piece='None', move_nu='0', move='None', instance='Jam-3')|15|18589|187784|14532|578
Rec(t='1490030354.68', event='commit_move', piece='w', move_nu='0', move='(3, 0, 3)', instance='Jam-3')|14|9927|97266|10931|570
Rec(t='1490030357.28', event='commit_move', piece='b', move_nu='1', move='(3, 3, 2)', instance='Jam-3')|14|14770|144813|19333|578
Rec(t='1490030359.05', event='commit_move', piece='l', move_nu='2', move='(1, 3, 2)', instance='Jam-3')|13|12263|114927|6037|510
Rec(t='1490030364.99', event='commit_move', piece='B', move_nu='3', move='(0, 5, 2)', instance='Jam-3')|12|7351|69453|4262|456
Rec(t='1490030369.22', event='commit_move', piece='y', move_nu='4', move='(5, 0, 3)', instance='Jam-3')|11|6928|64665|5149|452
Rec(t='1490030378.81', event='commit_move', piece='b', move_nu='5', move='(4, 3, 2)', instance='Jam-3')|10|2870|27070|5624|412
Rec(t='1490030381.59', event='commit_move', piece='w', move_nu='6', move='(3, 3, 3)', instance='Jam-3')|9|930|9179|3962|210
Rec(t='1490030383.71', event='commit_move', piece='r', move_nu='7', move='(3, 2, 2)', instance='Jam-3')|8|375|3616|1638|129
Rec(t='1490030386.01', event='commit_move', piece='l', move_nu='8', move='(1, 0, 2)', instance='Jam-3')|7|282|2814|1324|112
Rec(t='1490030389.33', event='commit_move', piece='r', move_nu='9', move='(1, 2, 2)', instance='Jam-3')|6|139|1468|868|70
Rec(t='1490030391.68', event='commit_move', piece='w', move_nu='10', move='(3, 0, 3)', instance='Jam-3')|5|93|1080|688|56
Rec(t='1490030393.75', event='commit_move', piece='b', move_nu='11', move='(0, 3, 2)', instance='Jam-3')|4|49|584|405|28
Rec(t='1490030396.19', event='commit_move', piece='w', move_nu='12', move='(3, 3, 3)', instance='Jam-3')|3|10|106|81|10
Rec(t='1490030398.44', event='commit_move', piece='y', move_nu='13', move='(5, 3, 3)', instance='Jam-3')|2|1|12|12|1
Rec(t='1490030400.12', event='commit_move', piece='r', move_nu='14', move='(4, 2, 2)', instance='Jam-3')|1|0|0|0|0
Rec(t='1490030400.12', event='win', piece='r', move_nu='14', move='(4, 2, 2)', instance='Jam-3')|1|0|0|0|0
Rec(t='1490029969.82', event='start', piece='None', move_nu='0', move='None', instance='Jam-1')|9|2746|31537|6654|305
Rec(t='1490029999.47', event='commit_move', piece='w', move_nu='0', move='(1, 0, 2)', instance='Jam-1')|8|994|11625|6683|123
Rec(t='1490030002.71', event='commit_move', piece='b', move_nu='1', move='(0, 0, 3)', instance='Jam-1')|7|540|6206|3570|98
Rec(t='1490030005.16', event='commit_move', piece='y', move_nu='2', move='(0, 3, 2)', instance='Jam-1')|6|227|2547|1516|70
Rec(t='1490030008.53', event='commit_move', piece='B', move_nu='3', move='(0, 5, 3)', instance='Jam-1')|5|64|680|449|40
Rec(t='1490030012.81', event='commit_move', piece='c', move_nu='4', move='(1, 4, 2)', instance='Jam-1')|4|38|415|278|25
Rec(t='1490030015.53', event='commit_move', piece='l', move_nu='5', move='(3, 3, 3)', instance='Jam-1')|3|11|107|78|11
Rec(t='1490030018.27', event='commit_move', piece='M', move_nu='6', move='(5, 3, 3)', instance='Jam-1')|2|4|43|36|4
Rec(t='1490030020.47', event='commit_move', piece='r', move_nu='7', move='(4, 2, 2)', instance='Jam-1')|1|0|0|0|0
Rec(t='1490030020.47', event='win', piece='r', move_nu='7', move='(4, 2, 2)', instance='Jam-1')|1|0|0|0|0
Rec(t='1490030484.82', event='start', piece='None', move_nu='0', move='None', instance='Jam-6')|10|4761|49286|12182|419
Rec(t='1490030493.82', event='commit_move', piece='r', move_nu='0', move='(0, 2, 2)', instance='Jam-6')|9|1568|16475|8379|282
Rec(t='1490030496.0', event='commit_move', piece='g', move_nu='1', move='(2, 0, 2)', instance='Jam-6')|8|376|4030|2405|93
Rec(t='1490030498.52', event='commit_move', piece='B', move_nu='2', move='(1, 3, 2)', instance='Jam-6')|7|259|2784|1654|77
Rec(t='1490030500.4', event='commit_move', piece='l', move_nu='3', move='(0, 3, 2)', instance='Jam-6')|6|214|2337|1361|59
Rec(t='1490030502.82', event='commit_move', piece='m', move_nu='4', move='(0, 5, 3)', instance='Jam-6')|5|139|1520|897|46
Rec(t='1490030505.77', event='commit_move', piece='w', move_nu='5', move='(3, 3, 3)', instance='Jam-6')|4|41|445|292|26
Rec(t='1490030508.01', event='commit_move', piece='y', move_nu='6', move='(4, 3, 3)', instance='Jam-6')|3|8|89|69|8
Rec(t='1490030510.13', event='commit_move', piece='o', move_nu='7', move='(5, 3, 3)', instance='Jam-6')|2|4|46|37|4
Rec(t='1490030512.04', event='commit_move', piece='r', move_nu='8', move='(4, 2, 2)', instance='Jam-6')|1|0|0|0|0
Rec(t='1490030512.04', event='win', piece='r', move_nu='8', move='(4, 2, 2)', instance='Jam-6')|1|0|0|0|0
Rec(t='1490030513.43', event='start', piece='None', move_nu='0', move='None', instance='Jam-7')|14|299340|3229860|84404|2870
Rec(t='1490030531.85', event='commit_move', piece='g', move_nu='0', move='(0, 3, 2)', instance='Jam-7')|15|474824|5546924|441428|3205
Rec(t='1490030533.94', event='commit_move', piece='c', move_nu='1', move='(4, 4, 2)', instance='Jam-7')|14|403640|4378595|326157|2526
Rec(t='1490030539.26', event='commit_move', piece='l', move_nu='2', move='(5, 4, 2)', instance='Jam-7')|13|403787|4233746|443478|2390
Rec(t='1490030542.96', event='commit_move', piece='B', move_nu='3', move='(5, 2, 2)', instance='Jam-7')|12|365510|3805676|592837|2051
Rec(t='1490030547.34', event='commit_move', piece='y', move_nu='4', move='(4, 0, 2)', instance='Jam-7')|11|154695|1655629|363232|1986
Rec(t='1490030549.91', event='commit_move', piece='M', move_nu='5', move='(3, 0, 2)', instance='Jam-7')|10|51842|564079|164282|1593
Rec(t='1490030552.5', event='commit_move', piece='r', move_nu='6', move='(3, 2, 2)', instance='Jam-7')|9|16217|171493|48566|1052
Rec(t='1490030556.13', event='restart', piece='None', move_nu='7', move='None', instance='Jam-7')|9|16352|172925|48779|1049
Rec(t='1490030556.7', event='start', piece='None', move_nu='0', move='None', instance='Jam-7')|14|300262|3234766|81333|2851
Rec(t='1490030571.61', event='commit_move', piece='c', move_nu='0', move='(4, 4, 2)', instance='Jam-7')|13|236635|2559638|153041|2435
Rec(t='1490030574.01', event='commit_move', piece='l', move_nu='1', move='(5, 4, 2)', instance='Jam-7')|12|187532|1973467|239144|2138
Rec(t='1490030576.09', event='commit_move', piece='B', move_nu='2', move='(5, 2, 2)', instance='Jam-7')|11|121088|1304661|287892|1761
Rec(t='1490030580.53', event='commit_move', piece='y', move_nu='3', move='(4, 0, 2)', instance='Jam-7')|10|46005|500782|139082|1527
Rec(t='1490030582.18', event='commit_move', piece='M', move_nu='4', move='(3, 0, 2)', instance='Jam-7')|9|16246|173333|52119|1029
Rec(t='1490030587.82', event='commit_move', piece='g', move_nu='5', move='(0, 3, 2)', instance='Jam-7')|10|51605|558933|90362|1552
Rec(t='1490030590.81', event='commit_move', piece='r', move_nu='6', move='(3, 2, 2)', instance='Jam-7')|9|17003|182216|52277|1095
Rec(t='1490030592.97', event='commit_move', piece='g', move_nu='7', move='(2, 3, 2)', instance='Jam-7')|8|6726|73578|23550|735
Rec(t='1490030595.67', event='commit_move', piece='b', move_nu='8', move='(1, 4, 2)', instance='Jam-7')|7|2713|32748|13806|463
Rec(t='1490030603.64', event='restart', piece='r', move_nu='9', move='(3, 2, 2)', instance='Jam-7')|7|2635|31463|13311|471
Rec(t='1490030604.39', event='start', piece='None', move_nu='0', move='None', instance='Jam-7')|14|299726|3232987|86756|2893
Rec(t='1490030611.73', event='commit_move', piece='c', move_nu='0', move='(4, 4, 2)', instance='Jam-7')|13|236449|2563197|159410|2436
Rec(t='1490030613.64', event='commit_move', piece='l', move_nu='1', move='(5, 4, 2)', instance='Jam-7')|12|188026|1978738|238543|2134
Rec(t='1490030615.61', event='commit_move', piece='B', move_nu='2', move='(5, 2, 2)', instance='Jam-7')|11|121172|1304868|287523|1756
Rec(t='1490030619.48', event='commit_move', piece='y', move_nu='3', move='(4, 0, 2)', instance='Jam-7')|10|45593|495082|137231|1520
Rec(t='1490030621.5', event='commit_move', piece='M', move_nu='4', move='(3, 0, 2)', instance='Jam-7')|9|16436|175952|52225|1029
Rec(t='1490030623.71', event='commit_move', piece='r', move_nu='5', move='(3, 2, 2)', instance='Jam-7')|8|6787|74592|23650|734
Rec(t='1490030626.3', event='commit_move', piece='b', move_nu='6', move='(1, 4, 2)', instance='Jam-7')|7|2764|33453|14137|472
Rec(t='1490030629.38', event='commit_move', piece='r', move_nu='7', move='(1, 2, 2)', instance='Jam-7')|6|684|8674|4692|226
Rec(t='1490030631.09', event='commit_move', piece='M', move_nu='8', move='(3, 1, 2)', instance='Jam-7')|5|176|2734|1955|90
Rec(t='1490030633.6', event='commit_move', piece='y', move_nu='9', move='(0, 0, 2)', instance='Jam-7')|4|71|1179|908|45
Rec(t='1490030635.54', event='commit_move', piece='M', move_nu='10', move='(3, 0, 2)', instance='Jam-7')|3|30|510|415|24
Rec(t='1490030637.61', event='commit_move', piece='B', move_nu='11', move='(5, 0, 2)', instance='Jam-7')|2|8|147|130|8
Rec(t='1490030640.34', event='commit_move', piece='r', move_nu='12', move='(4, 2, 2)', instance='Jam-7')|1|0|0|0|0
Rec(t='1490030640.34', event='win', piece='r', move_nu='12', move='(4, 2, 2)', instance='Jam-7')|1|0|0|0|0
Rec(t='1490030405.12', event='start', piece='None', move_nu='0', move='None', instance='Jam-4')|10|161|1268|335|63
Rec(t='1490030413.68', event='commit_move', piece='l', move_nu='0', move='(0, 3, 3)', instance='Jam-4')|9|157|1271|629|65
Rec(t='1490030415.76', event='commit_move', piece='r', move_nu='1', move='(0, 2, 2)', instance='Jam-4')|8|118|1003|560|63
Rec(t='1490030418.5', event='commit_move', piece='b', move_nu='2', move='(2, 0, 2)', instance='Jam-4')|7|78|738|459|44
Rec(t='1490030422.07', event='commit_move', piece='r', move_nu='3', move='(1, 2, 2)', instance='Jam-4')|6|54|535|343|32
Rec(t='1490030424.92', event='commit_move', piece='l', move_nu='4', move='(0, 0, 3)', instance='Jam-4')|5|43|443|290|22
Rec(t='1490030427.62', event='commit_move', piece='w', move_nu='5', move='(0, 3, 3)', instance='Jam-4')|4|20|204|142|16
Rec(t='1490030429.98', event='commit_move', piece='c', move_nu='6', move='(0, 5, 3)', instance='Jam-4')|3|8|80|61|8
Rec(t='1490030432.49', event='commit_move', piece='y', move_nu='7', move='(3, 3, 3)', instance='Jam-4')|2|1|10|10|1
Rec(t='1490030434.09', event='commit_move', piece='r', move_nu='8', move='(4, 2, 2)', instance='Jam-4')|1|0|0|0|0
Rec(t='1490030434.09', event='win', piece='r', move_nu='8', move='(4, 2, 2)', instance='Jam-4')|1|0|0|0|0
Rec(t='1490030435.67', event='start', piece='None', move_nu='0', move='None', instance='Jam-5')|10|11337|141901|33444|254
Rec(t='1490030445.78', event='commit_move', piece='b', move_nu='0', move='(1, 0, 2)', instance='Jam-5')|9|5237|65226|34011|212
Rec(t='1490030448.31', event='commit_move', piece='o', move_nu='1', move='(0, 0, 3)', instance='Jam-5')|8|1979|24407|12994|160
Rec(t='1490030451.76', event='commit_move', piece='M', move_nu='2', move='(0, 3, 3)', instance='Jam-5')|7|532|6446|3616|118
Rec(t='1490030454.08', event='commit_move', piece='y', move_nu='3', move='(3, 3, 3)', instance='Jam-5')|8|1361|15751|4186|184
Rec(t='1490030460.93', event='restart', piece='None', move_nu='4', move='None', instance='Jam-5')|8|1366|15815|7879|184
Rec(t='1490030461.43', event='start', piece='None', move_nu='0', move='None', instance='Jam-5')|10|11342|141957|33419|256
Rec(t='1490030463.39', event='commit_move', piece='b', move_nu='0', move='(1, 0, 2)', instance='Jam-5')|9|5535|68743|35757|213
Rec(t='1490030465.1', event='commit_move', piece='o', move_nu='1', move='(0, 0, 3)', instance='Jam-5')|8|1983|24458|13024|159
Rec(t='1490030469.1', event='commit_move', piece='g', move_nu='2', move='(1, 4, 2)', instance='Jam-5')|7|814|10101|5432|115
Rec(t='1490030472.29', event='commit_move', piece='l', move_nu='3', move='(1, 5, 2)', instance='Jam-5')|6|271|3443|1934|63
Rec(t='1490030474.34', event='commit_move', piece='M', move_nu='4', move='(0, 3, 3)', instance='Jam-5')|5|138|1711|996|49
Rec(t='1490030476.66', event='commit_move', piece='y', move_nu='5', move='(3, 3, 3)', instance='Jam-5')|4|53|599|381|31
Rec(t='1490030479.06', event='commit_move', piece='w', move_nu='6', move='(4, 3, 3)', instance='Jam-5')|3|7|77|62|7
Rec(t='1490030481.13', event='commit_move', piece='m', move_nu='7', move='(5, 4, 2)', instance='Jam-5')|2|3|36|31|3
Rec(t='1490030483.06', event='commit_move', piece='r', move_nu='8', move='(4, 2, 2)', instance='Jam-5')|1|0|0|0|0
Rec(t='1490030483.06', event='win', piece='r', move_nu='8', move='(4, 2, 2)', instance='Jam-5')|1|0|0|0|0
Rec(t='1490030641.71', event='start', piece='None', move_nu='0', move='None', instance='Jam-8')|13|25186|181212|20116|357
Rec(t='1490030646.94', event='commit_move', piece='c', move_nu='0', move='(0, 1, 2)', instance='Jam-8')|12|12669|90926|18534|337
Rec(t='1490030653.61', event='restart', piece='b', move_nu='1', move='(3, 0, 2)', instance='Jam-8')|12|12666|90915|18575|337
Rec(t='1490030654.84', event='start', piece='None', move_nu='0', move='None', instance='Jam-8')|13|25209|181346|20348|357
Rec(t='1490030669.2', event='commit_move', piece='c', move_nu='0', move='(0, 1, 2)', instance='Jam-8')|12|12691|91141|18457|337
Rec(t='1490030671.26', event='commit_move', piece='b', move_nu='1', move='(1, 0, 2)', instance='Jam-8')|12|20545|149536|31644|337
Rec(t='1490030673.97', event='commit_move', piece='b', move_nu='2', move='(0, 0, 2)', instance='Jam-8')|11|10834|78053|15416|272
Rec(t='1490030675.96', event='commit_move', piece='B', move_nu='3', move='(2, 0, 2)', instance='Jam-8')|10|5407|38530|7095|222
Rec(t='1490030678.24', event='commit_move', piece='g', move_nu='4', move='(3, 0, 2)', instance='Jam-8')|9|2493|17631|4853|170
Rec(t='1490030702.94', event='commit_move', piece='M', move_nu='5', move='(4, 0, 2)', instance='Jam-8')|8|667|4710|1864|107
Rec(t='1490030705.31', event='commit_move', piece='r', move_nu='6', move='(3, 2, 2)', instance='Jam-8')|7|129|824|348|38
Rec(t='1490030707.37', event='commit_move', piece='t', move_nu='7', move='(2, 2, 2)', instance='Jam-8')|6|51|251|57|15
Rec(t='1490030709.71', event='commit_move', piece='o', move_nu='8', move='(2, 4, 3)', instance='Jam-8')|5|15|69|21|9
Rec(t='1490030711.76', event='commit_move', piece='w', move_nu='9', move='(2, 5, 3)', instance='Jam-8')|4|5|22|11|5
Rec(t='1490030713.56', event='commit_move', piece='m', move_nu='10', move='(3, 3, 2)', instance='Jam-8')|3|4|19|10|4
Rec(t='1490030715.64', event='commit_move', piece='y', move_nu='11', move='(5, 3, 3)', instance='Jam-8')|2|1|4|4|1
Rec(t='1490030717.61', event='commit_move', piece='r', move_nu='12', move='(4, 2, 2)', instance='Jam-8')|1|0|0|0|0
Rec(t='1490030717.61', event='win', piece='r', move_nu='12', move='(4, 2, 2)', instance='Jam-8')|1|0|0|0|0
Rec(t='1490030719.51', event='start', piece='None', move_nu='0', move='None', instance='Jam-9')|13|7022|65332|18391|276
Rec(t='1490030737.36', event='restart', piece='y', move_nu='0', move='(4, 3, 3)', instance='Jam-9')|13|7039|65349|20046|274
Rec(t='1490030738.59', event='start', piece='None', move_nu='0', move='None', instance='Jam-9')|13|7014|65143|18295|273
Rec(t='1490030746.89', event='commit_move', piece='r', move_nu='0', move='(1, 2, 2)', instance='Jam-9')|12|6240|58076|18063|273
Rec(t='1490030749.09', event='commit_move', piece='o', move_nu='1', move='(0, 0, 3)', instance='Jam-9')|11|5399|50207|15546|271
Rec(t='1490030752.96', event='commit_move', piece='w', move_nu='2', move='(0, 3, 3)', instance='Jam-9')|10|4592|42824|13427|273
Rec(t='1490030761.48', event='commit_move', piece='B', move_nu='3', move='(3, 4, 2)', instance='Jam-9')|9|3971|36923|12982|213
Rec(t='1490030764.53', event='commit_move', piece='y', move_nu='4', move='(4, 3, 3)', instance='Jam-9')|8|918|8260|3253|129
Rec(t='1490030766.89', event='commit_move', piece='r', move_nu='5', move='(3, 2, 2)', instance='Jam-9')|7|355|3031|1420|62
Rec(t='1490030768.97', event='commit_move', piece='b', move_nu='6', move='(1, 1, 2)', instance='Jam-9')|6|223|1927|966|51
Rec(t='1490030770.7', event='commit_move', piece='c', move_nu='7', move='(1, 0, 2)', instance='Jam-9')|5|108|944|511|37
Rec(t='1490030772.92', event='commit_move', piece='M', move_nu='8', move='(3, 0, 2)', instance='Jam-9')|4|36|317|192|22
Rec(t='1490030774.81', event='commit_move', piece='g', move_nu='9', move='(3, 1, 2)', instance='Jam-9')|3|7|59|46|7
Rec(t='1490030777.09', event='commit_move', piece='l', move_nu='10', move='(5, 0, 2)', instance='Jam-9')|2|2|19|17|2
Rec(t='1490030778.61', event='commit_move', piece='r', move_nu='11', move='(4, 2, 2)', instance='Jam-9')|1|0|0|0|0
Rec(t='1490030778.61', event='win', piece='r', move_nu='11', move='(4, 2, 2)', instance='Jam-9')|1|0|0|0|0
Rec(t='1490030780.6', event='start', piece='None', move_nu='0', move='None', instance='Jam-10')|18|311908|2711937|210501|1361
Rec(t='1490030794.58', event='commit_move', piece='r', move_nu='0', move='(3, 2, 2)', instance='Jam-10')|17|84533|728355|74692|1337
Rec(t='1490030797.42', event='commit_move', piece='c', move_nu='1', move='(2, 1, 2)', instance='Jam-10')|17|136136|1159155|128261|1358
Rec(t='1490030801.19', event='restart', piece='b', move_nu='2', move='(0, 0, 2)', instance='Jam-10')|17|136607|1164327|127516|1355
Rec(t='1490030801.7', event='start', piece='None', move_nu='0', move='None', instance='Jam-10')|18|308851|2685863|206878|1362
Rec(t='1490030804.4', event='commit_move', piece='m', move_nu='0', move='(1, 5, 2)', instance='Jam-10')|19|1073965|9707737|541712|1433
Rec(t='1490030806.54', event='commit_move', piece='o', move_nu='1', move='(0, 3, 3)', instance='Jam-10')|0|2500001|24001429|1375322|1371
Rec(t='1490030808.84', event='commit_move', piece='r', move_nu='2', move='(0, 2, 2)', instance='Jam-10')|19|300963|2750451|513|1405
Rec(t='1490030811.09', event='commit_move', piece='M', move_nu='3', move='(3, 0, 2)', instance='Jam-10')|18|179865|1589351|98705|1407
Rec(t='1490030813.08', event='commit_move', piece='y', move_nu='4', move='(5, 0, 3)', instance='Jam-10')|17|106866|883829|49481|1407
Rec(t='1490030816.16', event='commit_move', piece='w', move_nu='5', move='(3, 3, 3)', instance='Jam-10')|16|61242|483300|25977|1407
Rec(t='1490030819.24', event='commit_move', piece='c', move_nu='6', move='(2, 3, 2)', instance='Jam-10')|15|41029|334732|18753|1396
Rec(t='1490030822.01', event='commit_move', piece='r', move_nu='7', move='(3, 2, 2)', instance='Jam-10')|15|69533|641377|45125|1415
Rec(t='1490030832.67', event='commit_move', piece='b', move_nu='8', move='(1, 0, 2)', instance='Jam-10')|14|43498|389351|70327|1276
Rec(t='1490030834.4', event='commit_move', piece='B', move_nu='9', move='(1, 1, 2)', instance='Jam-10')|13|28462|234814|51773|1018
Rec(t='1490030836.74', event='commit_move', piece='o', move_nu='10', move='(0, 0, 3)', instance='Jam-10')|12|13880|118273|29871|685
Rec(t='1490030839.8', event='commit_move', piece='m', move_nu='11', move='(0, 5, 2)', instance='Jam-10')|11|8921|75822|20145|495
Rec(t='1490030858.61', event='commit_move', piece='c', move_nu='12', move='(2, 4, 2)', instance='Jam-10')|10|5675|47594|12218|408
Rec(t='1490030861.62', event='commit_move', piece='w', move_nu='13', move='(0, 3, 3)', instance='Jam-10')|9|3289|26668|6826|268
Rec(t='1490030865.98', event='commit_move', piece='r', move_nu='14', move='(1, 2, 2)', instance='Jam-10')|8|1266|10050|2929|187
Rec(t='1490030868.45', event='commit_move', piece='g', move_nu='15', move='(3, 1, 2)', instance='Jam-10')|7|355|2929|1341|89
Rec(t='1490030871.04', event='commit_move', piece='l', move_nu='16', move='(3, 4, 2)', instance='Jam-10')|6|66|576|341|33
Rec(t='1490030873.47', event='commit_move', piece='p', move_nu='17', move='(3, 5, 2)', instance='Jam-10')|5|33|288|185|24
Rec(t='1490030875.79', event='commit_move', piece='y', move_nu='18', move='(5, 3, 3)', instance='Jam-10')|4|12|102|69|9
Rec(t='1490030877.57', event='commit_move', piece='M', move_nu='19', move='(4, 0, 2)', instance='Jam-10')|3|5|44|34|5
Rec(t='1490030879.77', event='commit_move', piece='g', move_nu='20', move='(3, 0, 2)', instance='Jam-10')|2|1|9|9|1
Rec(t='1490030881.44', event='commit_move', piece='r', move_nu='21', move='(4, 2, 2)', instance='Jam-10')|1|0|0|0|0
Rec(t='1490030881.44', event='win', piece='r', move_nu='21', move='(4, 2, 2)', instance='Jam-10')|1|0|0|0|0
Rec(t='1490031382.13', event='start', piece='None', move_nu='0', move='None', instance='Jam-13')|17|1196564|10879057|1298118|2355
Rec(t='1490031399.98', event='commit_move', piece='o', move_nu='0', move='(0, 1, 3)', instance='Jam-13')|0|2500001|22535412|1001112|2532
Rec(t='1490031402.03', event='commit_move', piece='p', move_nu='1', move='(0, 5, 2)', instance='Jam-13')|0|2500001|22084539|433459|2626
Rec(t='1490031404.75', event='commit_move', piece='B', move_nu='2', move='(2, 4, 2)', instance='Jam-13')|0|2500001|22385944|1627469|2587
Rec(t='1490031411.22', event='commit_move', piece='r', move_nu='3', move='(2, 2, 2)', instance='Jam-13')|0|2500001|22579762|2136731|2711
Rec(t='1490031413.36', event='commit_move', piece='l', move_nu='4', move='(2, 3, 2)', instance='Jam-13')|0|2500001|22761260|408804|2816
Rec(t='1490031415.64', event='commit_move', piece='M', move_nu='5', move='(4, 2, 2)', instance='Jam-13')|0|2500001|22420710|342896|2688
Rec(t='1490031417.73', event='commit_move', piece='c', move_nu='6', move='(4, 0, 2)', instance='Jam-13')|0|2696|22496|0|2696
Rec(t='1490031419.59', event='commit_move', piece='b', move_nu='7', move='(2, 0, 2)', instance='Jam-13')|0|2455|20299|0|2455
Rec(t='1490031421.49', event='commit_move', piece='g', move_nu='8', move='(1, 0, 2)', instance='Jam-13')|0|2508|20680|0|2508
Rec(t='1490031423.83', event='commit_move', piece='o', move_nu='9', move='(0, 0, 3)', instance='Jam-13')|0|2368|19388|0|2368
Rec(t='1490031429.66', event='commit_move', piece='l', move_nu='10', move='(0, 3, 2)', instance='Jam-13')|0|2130|17189|0|2130
Rec(t='1490031434.93', event='commit_move', piece='B', move_nu='11', move='(2, 3, 2)', instance='Jam-13')|0|1740|13870|0|1740
Rec(t='1490031436.92', event='commit_move', piece='m', move_nu='12', move='(3, 3, 2)', instance='Jam-13')|0|1452|11385|0|1452
Rec(t='1490031453.36', event='commit_move', piece='t', move_nu='13', move='(2, 5, 2)', instance='Jam-13')|0|1199|9289|0|1199
Rec(t='1490031457.14', event='commit_move', piece='r', move_nu='14', move='(1, 2, 2)', instance='Jam-13')|0|1122|8587|0|1122
Rec(t='1490031460.48', event='commit_move', piece='m', move_nu='15', move='(3, 1, 2)', instance='Jam-13')|0|1198|9181|0|1198
Rec(t='1490031463.41', event='commit_move', piece='w', move_nu='16', move='(3, 4, 2)', instance='Jam-13')|0|1088|8244|0|1088
Rec(t='1490031466.53', event='commit_move', piece='y', move_nu='17', move='(5, 3, 3)', instance='Jam-13')|0|952|7138|0|952
Rec(t='1490031469.77', event='commit_move', piece='t', move_nu='18', move='(3, 5, 2)', instance='Jam-13')|0|958|7185|0|958
Rec(t='1490031476.14', event='commit_move', piece='B', move_nu='19', move='(2, 4, 2)', instance='Jam-13')|0|1115|8443|0|1115
Rec(t='1490031479.09', event='restart', piece='l', move_nu='20', move='(0, 3, 2)', instance='Jam-13')|0|1115|8443|0|1115
Rec(t='1490031479.77', event='start', piece='None', move_nu='0', move='None', instance='Jam-13')|16|2355|20007|779|2355
Rec(t='1490031485.76', event='commit_move', piece='B', move_nu='0', move='(2, 3, 2)', instance='Jam-13')|15|2236|19035|1091|2236
Rec(t='1490031487.56', event='commit_move', piece='g', move_nu='1', move='(1, 3, 2)', instance='Jam-13')|14|1948|16695|1121|1948
Rec(t='1490031490.06', event='commit_move', piece='r', move_nu='2', move='(0, 2, 2)', instance='Jam-13')|13|1542|13210|1007|1542
Rec(t='1490031491.99', event='commit_move', piece='M', move_nu='3', move='(4, 1, 2)', instance='Jam-13')|13|1937|16796|1029|1937
Rec(t='1490031493.93', event='commit_move', piece='c', move_nu='4', move='(4, 0, 2)', instance='Jam-13')|13|1655|13976|941|1655
Rec(t='1490031495.88', event='commit_move', piece='b', move_nu='5', move='(2, 0, 2)', instance='Jam-13')|14|2071|17352|3|2071
Rec(t='1490031501.62', event='commit_move', piece='r', move_nu='6', move='(2, 2, 2)', instance='Jam-13')|15|2927|24503|4|2927
Rec(t='1490031504.58', event='commit_move', piece='o', move_nu='7', move='(0, 0, 3)', instance='Jam-13')|16|3317|27848|1|3317
Rec(t='1490031507.15', event='commit_move', piece='g', move_nu='8', move='(1, 0, 2)', instance='Jam-13')|17|3413|28543|1|3413
Rec(t='1490031509.52', event='commit_move', piece='r', move_nu='9', move='(1, 2, 2)', instance='Jam-13')|18|3424|28603|3|3424
Rec(t='1490031512.52', event='commit_move', piece='p', move_nu='10', move='(0, 5, 2)', instance='Jam-13')|19|4025|34138|1|4025
Rec(t='1490031514.85', event='commit_move', piece='B', move_nu='11', move='(2, 4, 2)', instance='Jam-13')|20|4556|38949|2|4556
Rec(t='1490031518.92', event='commit_move', piece='l', move_nu='12', move='(0, 3, 2)', instance='Jam-13')|21|4561|38990|2|4561
Rec(t='1490031529.03', event='commit_move', piece='m', move_nu='13', move='(3, 1, 2)', instance='Jam-13')|22|4559|38967|4|4559
Rec(t='1490031533.78', event='commit_move', piece='B', move_nu='14', move='(2, 3, 2)', instance='Jam-13')|23|4559|38967|4|4559
Rec(t='1490031536.35', event='commit_move', piece='w', move_nu='15', move='(3, 4, 2)', instance='Jam-13')|24|4560|38978|3|4560
Rec(t='1490031539.4', event='commit_move', piece='t', move_nu='16', move='(2, 5, 2)', instance='Jam-13')|25|4560|38978|3|4560
Rec(t='1490031542.05', event='commit_move', piece='y', move_nu='17', move='(5, 3, 3)', instance='Jam-13')|26|4562|39001|1|4562
Rec(t='1490031548.29', event='commit_move', piece='t', move_nu='18', move='(3, 5, 2)', instance='Jam-13')|26|4562|39001|907|4562
Rec(t='1490031550.62', event='commit_move', piece='B', move_nu='19', move='(2, 4, 2)', instance='Jam-13')|25|4560|38978|1300|4560
Rec(t='1490031557.29', event='commit_move', piece='m', move_nu='20', move='(3, 2, 2)', instance='Jam-13')|25|4559|38967|899|4559
Rec(t='1490031559.59', event='commit_move', piece='M', move_nu='21', move='(4, 2, 2)', instance='Jam-13')|26|4602|39340|1|4602
Rec(t='1490031562.6', event='restart', piece='None', move_nu='22', move='None', instance='Jam-13')|26|4600|39317|888|4600
Rec(t='1490031563.35', event='start', piece='None', move_nu='0', move='None', instance='Jam-13')|16|2352|19973|771|2352
Rec(t='1490031582.52', event='commit_move', piece='g', move_nu='0', move='(1, 3, 2)', instance='Jam-13')|15|2108|18002|1087|2108
Rec(t='1490031586.04', event='commit_move', piece='B', move_nu='1', move='(2, 3, 2)', instance='Jam-13')|14|1945|16661|1113|1945
Rec(t='1490031589.23', event='restart', piece='None', move_nu='2', move='None', instance='Jam-13')|14|1949|16701|832|1949
Rec(t='1490031590.03', event='start', piece='None', move_nu='0', move='None', instance='Jam-13')|16|2353|19985|774|2353
Rec(t='1490031610.59', event='commit_move', piece='g', move_nu='0', move='(1, 3, 2)', instance='Jam-13')|15|2108|18003|1089|2108
Rec(t='1490031612.44', event='commit_move', piece='B', move_nu='1', move='(2, 3, 2)', instance='Jam-13')|14|1947|16684|1120|1947
Rec(t='1490031614.75', event='commit_move', piece='r', move_nu='2', move='(0, 2, 2)', instance='Jam-13')|13|1541|13199|1003|1541
Rec(t='1490031616.96', event='commit_move', piece='M', move_nu='3', move='(4, 1, 2)', instance='Jam-13')|13|1937|16801|1031|1937
Rec(t='1490031619.74', event='commit_move', piece='c', move_nu='4', move='(4, 0, 2)', instance='Jam-13')|13|1656|13993|946|1656
Rec(t='1490031622.83', event='commit_move', piece='B', move_nu='5', move='(2, 0, 2)', instance='Jam-13')|12|727|5899|748|727
Rec(t='1490031625.39', event='commit_move', piece='r', move_nu='6', move='(2, 2, 2)', instance='Jam-13')|13|901|7423|3|901
Rec(t='1490031627.71', event='commit_move', piece='g', move_nu='7', move='(1, 1, 2)', instance='Jam-13')|14|904|7435|6|904
Rec(t='1490031630.31', event='commit_move', piece='l', move_nu='8', move='(1, 3, 2)', instance='Jam-13')|14|743|6072|516|743
Rec(t='1490031654.77', event='commit_move', piece='l', move_nu='9', move='(3, 3, 2)', instance='Jam-13')|14|904|7435|632|904
Rec(t='1490031663.63', event='restart', piece='None', move_nu='10', move='None', instance='Jam-13')|14|906|7458|639|906
Rec(t='1490031664.61', event='start', piece='None', move_nu='0', move='None', instance='Jam-13')|16|2355|20007|779|2355
Rec(t='1490031667.21', event='commit_move', piece='y', move_nu='0', move='(5, 0, 3)', instance='Jam-13')|15|1921|16596|1063|1921
Rec(t='1490031669.72', event='commit_move', piece='l', move_nu='1', move='(4, 3, 2)', instance='Jam-13')|14|1555|13619|1035|1555
Rec(t='1490031672.18', event='commit_move', piece='g', move_nu='2', move='(1, 3, 2)', instance='Jam-13')|13|1352|11891|972|1352
Rec(t='1490031674.17', event='commit_move', piece='B', move_nu='3', move='(2, 3, 2)', instance='Jam-13')|12|1265|11191|942|1265
Rec(t='1490031676.42', event='commit_move', piece='r', move_nu='4', move='(0, 2, 2)', instance='Jam-13')|11|945|8401|907|945
Rec(t='1490031679.15', event='commit_move', piece='m', move_nu='5', move='(3, 1, 2)', instance='Jam-13')|10|547|5030|783|547
Rec(t='1490031681.32', event='commit_move', piece='l', move_nu='6', move='(3, 3, 2)', instance='Jam-13')|10|465|4354|567|465
Rec(t='1490031683.27', event='commit_move', piece='w', move_nu='7', move='(3, 4, 2)', instance='Jam-13')|10|493|4749|597|493
Rec(t='1490031685.01', event='commit_move', piece='t', move_nu='8', move='(3, 5, 2)', instance='Jam-13')|9|302|2843|534|302
Rec(t='1490031687.21', event='commit_move', piece='y', move_nu='9', move='(5, 3, 3)', instance='Jam-13')|8|142|1276|382|142
Rec(t='1490031692.06', event='commit_move', piece='M', move_nu='10', move='(4, 1, 2)', instance='Jam-13')|7|91|834|310|91
Rec(t='1490031695.81', event='commit_move', piece='c', move_nu='11', move='(4, 0, 2)', instance='Jam-13')|6|65|607|252|65
Rec(t='1490031698.1', event='commit_move', piece='b', move_nu='12', move='(2, 0, 2)', instance='Jam-13')|7|87|769|2|87
Rec(t='1490031701.75', event='commit_move', piece='r', move_nu='13', move='(1, 2, 2)', instance='Jam-13')|8|155|1379|1|155
Rec(t='1490031709.42', event='commit_move', piece='o', move_nu='14', move='(0, 0, 3)', instance='Jam-13')|9|281|2520|3|281
Rec(t='1490031711.9', event='commit_move', piece='p', move_nu='15', move='(0, 5, 2)', instance='Jam-13')|10|625|5806|4|625
Rec(t='1490031716.17', event='restart', piece='None', move_nu='16', move='None', instance='Jam-13')|10|628|5840|474|628
Rec(t='1490031716.86', event='start', piece='None', move_nu='0', move='None', instance='Jam-13')|16|2353|19985|774|2353
Rec(t='1490031719.47', event='commit_move', piece='y', move_nu='0', move='(5, 0, 3)', instance='Jam-13')|15|1923|16619|1070|1923
Rec(t='1490031721.51', event='commit_move', piece='l', move_nu='1', move='(4, 3, 2)', instance='Jam-13')|14|1553|13596|1028|1553
Rec(t='1490031726.56', event='commit_move', piece='B', move_nu='2', move='(2, 3, 2)', instance='Jam-13')|13|1434|12620|986|1434
Rec(t='1490031728.65', event='commit_move', piece='g', move_nu='3', move='(1, 3, 2)', instance='Jam-13')|12|1262|11157|934|1262
Rec(t='1490031731.48', event='commit_move', piece='r', move_nu='4', move='(1, 2, 2)', instance='Jam-13')|12|1415|12551|808|1415
Rec(t='1490031734.32', event='commit_move', piece='m', move_nu='5', move='(3, 1, 2)', instance='Jam-13')|11|935|8489|996|935
Rec(t='1490031736.47', event='commit_move', piece='l', move_nu='6', move='(3, 3, 2)', instance='Jam-13')|11|853|7910|852|853
Rec(t='1490031739.17', event='commit_move', piece='w', move_nu='7', move='(3, 4, 2)', instance='Jam-13')|11|861|8186|906|861
Rec(t='1490031741.02', event='commit_move', piece='t', move_nu='8', move='(3, 5, 2)', instance='Jam-13')|10|494|4581|789|494
Rec(t='1490031743.05', event='commit_move', piece='y', move_nu='9', move='(5, 3, 3)', instance='Jam-13')|9|223|1991|554|223
Rec(t='1490031746.49', event='commit_move', piece='M', move_nu='10', move='(4, 1, 2)', instance='Jam-13')|8|144|1307|451|144
Rec(t='1490031749.21', event='commit_move', piece='c', move_nu='11', move='(4, 0, 2)', instance='Jam-13')|7|99|913|356|99
Rec(t='1490031755.91', event='commit_move', piece='b', move_nu='12', move='(1, 0, 2)', instance='Jam-13')|8|219|2010|2|219
Rec(t='1490031757.69', event='commit_move', piece='m', move_nu='13', move='(3, 0, 2)', instance='Jam-13')|7|127|1131|351|127
Rec(t='1490031759.74', event='commit_move', piece='r', move_nu='14', move='(2, 2, 2)', instance='Jam-13')|7|153|1376|194|153
Rec(t='1490031762.35', event='commit_move', piece='o', move_nu='15', move='(0, 0, 3)', instance='Jam-13')|8|293|2688|3|293
Rec(t='1490031765.06', event='commit_move', piece='g', move_nu='16', move='(1, 1, 2)', instance='Jam-13')|9|450|4127|4|450
Rec(t='1490031768.28', event='commit_move', piece='p', move_nu='17', move='(0, 5, 2)', instance='Jam-13')|10|771|7122|1|771
Rec(t='1490031772.12', event='commit_move', piece='B', move_nu='18', move='(2, 4, 2)', instance='Jam-13')|11|976|8898|1|976
Rec(t='1490031783.47', event='commit_move', piece='l', move_nu='19', move='(2, 3, 2)', instance='Jam-13')|12|1079|9796|4|1079
Rec(t='1490031786.26', event='commit_move', piece='g', move_nu='20', move='(1, 3, 2)', instance='Jam-13')|11|1001|9112|558|1001
Rec(t='1490031788.22', event='commit_move', piece='r', move_nu='21', move='(1, 2, 2)', instance='Jam-13')|11|1023|9355|369|1023
Rec(t='1490031790.11', event='commit_move', piece='m', move_nu='22', move='(3, 1, 2)', instance='Jam-13')|12|1408|12883|3|1408
Rec(t='1490031798.18', event='restart', piece='None', move_nu='23', move='None', instance='Jam-13')|12|1408|12883|482|1408
Rec(t='1490031798.89', event='start', piece='None', move_nu='0', move='None', instance='Jam-13')|16|2355|20007|779|2355
Rec(t='1490031802.2', event='commit_move', piece='y', move_nu='0', move='(5, 0, 3)', instance='Jam-13')|15|1923|16619|1070|1923
Rec(t='1490031803.97', event='commit_move', piece='l', move_nu='1', move='(4, 3, 2)', instance='Jam-13')|14|1554|13608|1031|1554
Rec(t='1490031809.08', event='commit_move', piece='B', move_nu='2', move='(2, 3, 2)', instance='Jam-13')|13|1432|12597|982|1432
Rec(t='1490031811.34', event='commit_move', piece='g', move_nu='3', move='(1, 3, 2)', instance='Jam-13')|12|1262|11157|934|1262
Rec(t='1490031813.39', event='commit_move', piece='r', move_nu='4', move='(0, 2, 2)', instance='Jam-13')|11|948|8435|915|948
Rec(t='1490031817.86', event='commit_move', piece='m', move_nu='5', move='(3, 1, 2)', instance='Jam-13')|10|546|5019|782|546
Rec(t='1490031821.36', event='commit_move', piece='B', move_nu='6', move='(2, 1, 2)', instance='Jam-13')|9|268|2484|498|268
Rec(t='1490031824.18', event='commit_move', piece='l', move_nu='7', move='(2, 3, 2)', instance='Jam-13')|8|174|1648|351|174
Rec(t='1490031826.54', event='commit_move', piece='w', move_nu='8', move='(2, 4, 2)', instance='Jam-13')|7|121|1166|274|121
Rec(t='1490031829.28', event='commit_move', piece='t', move_nu='9', move='(3, 5, 2)', instance='Jam-13')|6|76|715|179|76
Rec(t='1490031831.61', event='commit_move', piece='y', move_nu='10', move='(5, 3, 3)', instance='Jam-13')|5|44|398|135|44
Rec(t='1490031833.86', event='commit_move', piece='M', move_nu='11', move='(4, 3, 2)', instance='Jam-13')|4|28|250|93|28
Rec(t='1490031835.81', event='commit_move', piece='c', move_nu='12', move='(4, 0, 2)', instance='Jam-13')|3|18|159|62|18
Rec(t='1490031837.38', event='commit_move', piece='m', move_nu='13', move='(3, 0, 2)', instance='Jam-13')|2|9|77|36|9
Rec(t='1490031839.13', event='commit_move', piece='B', move_nu='14', move='(2, 0, 2)', instance='Jam-13')|2|2|21|16|2
Rec(t='1490031840.93', event='commit_move', piece='r', move_nu='15', move='(4, 2, 2)', instance='Jam-13')|1|0|0|0|0
Rec(t='1490031840.93', event='win', piece='r', move_nu='15', move='(4, 2, 2)', instance='Jam-13')|1|0|0|0|0
Rec(t='1490031285.43', event='start', piece='None', move_nu='0', move='None', instance='Jam-12')|17|1158|10734|128|1158
Rec(t='1490031300.88', event='commit_move', piece='y', move_nu='0', move='(3, 0, 2)', instance='Jam-12')|16|1159|10740|153|1159
Rec(t='1490031302.9', event='commit_move', piece='M', move_nu='1', move='(2, 0, 3)', instance='Jam-12')|15|1159|10739|153|1159
Rec(t='1490031305.14', event='commit_move', piece='w', move_nu='2', move='(0, 3, 3)', instance='Jam-12')|14|1158|10734|154|1158
Rec(t='1490031308.3', event='commit_move', piece='B', move_nu='3', move='(5, 3, 3)', instance='Jam-12')|15|1159|10740|32|1159
Rec(t='1490031326.38', event='restart', piece='y', move_nu='4', move='(3, 0, 2)', instance='Jam-12')|15|1158|10734|128|1158
Rec(t='1490031327.61', event='start', piece='None', move_nu='0', move='None', instance='Jam-12')|17|1158|10734|128|1158
Rec(t='1490031338.62', event='commit_move', piece='y', move_nu='0', move='(3, 0, 2)', instance='Jam-12')|16|1158|10734|154|1158
Rec(t='1490031340.7', event='commit_move', piece='M', move_nu='1', move='(2, 0, 3)', instance='Jam-12')|15|1159|10740|153|1159
Rec(t='1490031343.24', event='commit_move', piece='w', move_nu='2', move='(0, 3, 3)', instance='Jam-12')|14|1158|10734|154|1158
Rec(t='1490031345.42', event='commit_move', piece='c', move_nu='3', move='(4, 1, 2)', instance='Jam-12')|13|1158|10734|154|1158
Rec(t='1490031347.89', event='commit_move', piece='w', move_nu='4', move='(3, 3, 3)', instance='Jam-12')|12|1160|10746|152|1160
Rec(t='1490031350.16', event='commit_move', piece='l', move_nu='5', move='(3, 5, 3)', instance='Jam-12')|11|1158|10734|154|1158
Rec(t='1490031352.37', event='commit_move', piece='M', move_nu='6', move='(2, 3, 3)', instance='Jam-12')|10|1150|10702|162|1150
Rec(t='1490031355.26', event='commit_move', piece='y', move_nu='7', move='(1, 0, 2)', instance='Jam-12')|9|717|6730|366|717
Rec(t='1490031357.33', event='commit_move', piece='c', move_nu='8', move='(4, 0, 2)', instance='Jam-12')|8|454|4319|320|454
Rec(t='1490031359.76', event='commit_move', piece='r', move_nu='9', move='(3, 2, 2)', instance='Jam-12')|7|282|2750|215|282
Rec(t='1490031362.15', event='commit_move', piece='b', move_nu='10', move='(0, 4, 2)', instance='Jam-12')|6|134|1321|236|134
Rec(t='1490031363.95', event='commit_move', piece='y', move_nu='11', move='(0, 0, 2)', instance='Jam-12')|5|109|1072|219|109
Rec(t='1490031366.18', event='commit_move', piece='M', move_nu='12', move='(2, 0, 3)', instance='Jam-12')|4|76|747|117|76
Rec(t='1490031372.77', event='commit_move', piece='b', move_nu='13', move='(0, 1, 2)', instance='Jam-12')|4|85|855|86|85
Rec(t='1490031375.12', event='commit_move', piece='w', move_nu='14', move='(0, 3, 3)', instance='Jam-12')|3|29|277|67|29
Rec(t='1490031377.5', event='commit_move', piece='l', move_nu='15', move='(0, 5, 3)', instance='Jam-12')|2|9|83|33|9
Rec(t='1490031379.72', event='commit_move', piece='B', move_nu='16', move='(5, 3, 3)', instance='Jam-12')|2|5|44|28|5
Rec(t='1490031381.07', event='commit_move', piece='r', move_nu='17', move='(4, 2, 2)', instance='Jam-12')|1|0|0|0|0
Rec(t='1490031381.07', event='win', piece='r', move_nu='17', move='(4, 2, 2)', instance='Jam-12')|1|0|0|0|0
Rec(t='1490030882.89', event='start', piece='None', move_nu='0', move='None', instance='Jam-11')|25|629|5100|104|629
Rec(t='1490030895.17', event='commit_move', piece='B', move_nu='0', move='(0, 3, 3)', instance='Jam-11')|24|626|5071|113|626
Rec(t='1490030897.08', event='commit_move', piece='r', move_nu='1', move='(0, 2, 2)', instance='Jam-11')|23|625|5063|112|625
Rec(t='1490030899.27', event='commit_move', piece='b', move_nu='2', move='(0, 0, 2)', instance='Jam-11')|24|626|5070|8|626
Rec(t='1490030902.99', event='commit_move', piece='y', move_nu='3', move='(2, 0, 2)', instance='Jam-11')|23|631|5112|118|631
Rec(t='1490030907.12', event='commit_move', piece='r', move_nu='4', move='(1, 2, 2)', instance='Jam-11')|24|626|5070|8|626
Rec(t='1490030926.22', event='restart', piece='B', move_nu='5', move='(0, 1, 3)', instance='Jam-11')|24|626|5071|99|626
Rec(t='1490030926.95', event='start', piece='None', move_nu='0', move='None', instance='Jam-11')|25|628|5087|101|628
Rec(t='1490030942.42', event='commit_move', piece='B', move_nu='0', move='(0, 3, 3)', instance='Jam-11')|24|629|5097|119|629
Rec(t='1490030944.47', event='commit_move', piece='r', move_nu='1', move='(0, 2, 2)', instance='Jam-11')|23|627|5081|115|627
Rec(t='1490030947.19', event='commit_move', piece='y', move_nu='2', move='(2, 1, 2)', instance='Jam-11')|22|626|5072|116|626
Rec(t='1490030953.95', event='commit_move', piece='w', move_nu='3', move='(1, 3, 3)', instance='Jam-11')|21|629|5096|114|629
Rec(t='1490030960.25', event='commit_move', piece='c', move_nu='4', move='(5, 0, 2)', instance='Jam-11')|21|627|5083|102|627
Rec(t='1490030967.65', event='restart', piece='None', move_nu='5', move='None', instance='Jam-11')|21|625|5063|98|625
Rec(t='1490030968.11', event='start', piece='None', move_nu='0', move='None', instance='Jam-11')|25|626|5073|100|626
Rec(t='1490030970.39', event='commit_move', piece='B', move_nu='0', move='(0, 3, 3)', instance='Jam-11')|24|628|5088|118|628
Rec(t='1490030972.34', event='commit_move', piece='r', move_nu='1', move='(0, 2, 2)', instance='Jam-11')|23|625|5063|112|625
Rec(t='1490030974.14', event='commit_move', piece='b', move_nu='2', move='(0, 0, 2)', instance='Jam-11')|24|626|5072|8|626
Rec(t='1490030976.39', event='commit_move', piece='y', move_nu='3', move='(2, 0, 2)', instance='Jam-11')|23|625|5063|112|625
Rec(t='1490030980.08', event='commit_move', piece='r', move_nu='4', move='(1, 2, 2)', instance='Jam-11')|24|627|5078|7|627
Rec(t='1490030993.15', event='restart', piece='None', move_nu='5', move='None', instance='Jam-11')|24|628|5091|102|628
Rec(t='1490030993.83', event='start', piece='None', move_nu='0', move='None', instance='Jam-11')|25|627|5080|100|627
Rec(t='1490031009.82', event='commit_move', piece='B', move_nu='0', move='(0, 3, 3)', instance='Jam-11')|24|628|5088|113|628
Rec(t='1490031026.86', event='commit_move', piece='r', move_nu='1', move='(0, 2, 2)', instance='Jam-11')|23|629|5095|118|629
Rec(t='1490031030.57', event='commit_move', piece='b', move_nu='2', move='(0, 0, 2)', instance='Jam-11')|24|630|5106|4|630
Rec(t='1490031035.42', event='commit_move', piece='y', move_nu='3', move='(2, 0, 2)', instance='Jam-11')|23|626|5072|116|626
Rec(t='1490031049.17', event='restart', piece='r', move_nu='4', move='(1, 2, 2)', instance='Jam-11')|23|626|5072|100|626
Rec(t='1490031049.83', event='start', piece='None', move_nu='0', move='None', instance='Jam-11')|25|626|5072|100|626
Rec(t='1490031063.1', event='commit_move', piece='B', move_nu='0', move='(0, 3, 3)', instance='Jam-11')|24|627|5078|113|627
Rec(t='1490031064.75', event='commit_move', piece='r', move_nu='1', move='(0, 2, 2)', instance='Jam-11')|23|628|5088|115|628
Rec(t='1490031066.28', event='commit_move', piece='b', move_nu='2', move='(0, 0, 2)', instance='Jam-11')|24|626|5071|8|626
Rec(t='1490031068.38', event='commit_move', piece='y', move_nu='3', move='(2, 0, 2)', instance='Jam-11')|23|627|5080|114|627
Rec(t='1490031070.3', event='commit_move', piece='w', move_nu='4', move='(1, 3, 3)', instance='Jam-11')|22|627|5078|113|627
Rec(t='1490031072.62', event='commit_move', piece='c', move_nu='5', move='(5, 0, 2)', instance='Jam-11')|22|627|5080|99|627
Rec(t='1490031074.44', event='commit_move', piece='w', move_nu='6', move='(3, 3, 3)', instance='Jam-11')|21|625|5063|112|625
Rec(t='1490031077.32', event='commit_move', piece='l', move_nu='7', move='(3, 5, 3)', instance='Jam-11')|20|629|5100|120|629
Rec(t='1490031080.21', event='commit_move', piece='y', move_nu='8', move='(2, 4, 2)', instance='Jam-11')|19|625|5063|112|625
Rec(t='1490031081.94', event='commit_move', piece='b', move_nu='9', move='(1, 0, 2)', instance='Jam-11')|18|625|5063|112|625
Rec(t='1490031083.69', event='commit_move', piece='r', move_nu='10', move='(1, 2, 2)', instance='Jam-11')|17|628|5087|117|628
Rec(t='1490031086.19', event='commit_move', piece='B', move_nu='11', move='(0, 0, 3)', instance='Jam-11')|16|619|5035|118|619
Rec(t='1490031089.38', event='commit_move', piece='w', move_nu='12', move='(0, 3, 3)', instance='Jam-11')|15|590|4803|150|590
Rec(t='1490031102.37', event='restart', piece='M', move_nu='13', move='(3, 0, 3)', instance='Jam-11')|15|592|4821|131|592
Rec(t='1490031103.02', event='start', piece='None', move_nu='0', move='None', instance='Jam-11')|25|625|5063|98|625
Rec(t='1490031113.67', event='commit_move', piece='B', move_nu='0', move='(0, 3, 3)', instance='Jam-11')|24|626|5071|113|626
Rec(t='1490031115.32', event='commit_move', piece='b', move_nu='1', move='(0, 0, 2)', instance='Jam-11')|25|626|5073|8|626
Rec(t='1490031117.08', event='commit_move', piece='r', move_nu='2', move='(0, 2, 2)', instance='Jam-11')|24|629|5095|118|629
Rec(t='1490031119.38', event='commit_move', piece='y', move_nu='3', move='(2, 0, 2)', instance='Jam-11')|23|628|5091|116|628
Rec(t='1490031125.33', event='commit_move', piece='w', move_nu='4', move='(2, 3, 3)', instance='Jam-11')|22|627|5077|112|627
Rec(t='1490031128.28', event='commit_move', piece='c', move_nu='5', move='(5, 0, 2)', instance='Jam-11')|22|625|5063|98|625
Rec(t='1490031141.21', event='commit_move', piece='w', move_nu='6', move='(3, 3, 3)', instance='Jam-11')|21|630|5103|114|630
Rec(t='1490031143.77', event='commit_move', piece='l', move_nu='7', move='(3, 5, 3)', instance='Jam-11')|20|627|5081|114|627
Rec(t='1490031148.37', event='commit_move', piece='y', move_nu='8', move='(2, 3, 2)', instance='Jam-11')|20|625|5063|98|625
Rec(t='1490031150.94', event='commit_move', piece='b', move_nu='9', move='(1, 0, 2)', instance='Jam-11')|19|629|5093|114|629
Rec(t='1490031152.64', event='commit_move', piece='r', move_nu='10', move='(1, 2, 2)', instance='Jam-11')|18|627|5082|118|627
Rec(t='1490031156.73', event='commit_move', piece='B', move_nu='11', move='(0, 0, 3)', instance='Jam-11')|17|627|5080|113|627
Rec(t='1490031162.95', event='restart', piece='l', move_nu='12', move='(3, 5, 3)', instance='Jam-11')|17|628|5092|104|628
Rec(t='1490031163.47', event='start', piece='None', move_nu='0', move='None', instance='Jam-11')|25|631|5113|100|631
Rec(t='1490031165.78', event='commit_move', piece='B', move_nu='0', move='(0, 3, 3)', instance='Jam-11')|24|631|5115|119|631
Rec(t='1490031167.47', event='commit_move', piece='b', move_nu='1', move='(0, 0, 2)', instance='Jam-11')|25|626|5070|8|626
Rec(t='1490031169.32', event='commit_move', piece='r', move_nu='2', move='(0, 2, 2)', instance='Jam-11')|24|627|5078|113|627
Rec(t='1490031171.64', event='commit_move', piece='y', move_nu='3', move='(2, 0, 2)', instance='Jam-11')|23|628|5087|117|628
Rec(t='1490031174.45', event='commit_move', piece='w', move_nu='4', move='(1, 3, 3)', instance='Jam-11')|22|628|5086|114|628
Rec(t='1490031178.21', event='commit_move', piece='c', move_nu='5', move='(5, 0, 2)', instance='Jam-11')|22|629|5093|100|629
Rec(t='1490031185.68', event='restart', piece='r', move_nu='6', move='(0, 2, 2)', instance='Jam-11')|22|630|5104|102|630
Rec(t='1490031186.43', event='start', piece='None', move_nu='0', move='None', instance='Jam-11')|25|627|5078|99|627
Rec(t='1490031189.03', event='commit_move', piece='B', move_nu='0', move='(0, 3, 3)', instance='Jam-11')|24|629|5096|114|629
Rec(t='1490031190.96', event='commit_move', piece='b', move_nu='1', move='(0, 0, 2)', instance='Jam-11')|25|629|5095|5|629
Rec(t='1490031193.55', event='commit_move', piece='r', move_nu='2', move='(0, 2, 2)', instance='Jam-11')|24|629|5098|115|629
Rec(t='1490031195.75', event='commit_move', piece='y', move_nu='3', move='(2, 1, 2)', instance='Jam-11')|23|628|5086|114|628
Rec(t='1490031197.78', event='commit_move', piece='w', move_nu='4', move='(2, 3, 3)', instance='Jam-11')|22|629|5096|117|629
Rec(t='1490031200.33', event='commit_move', piece='c', move_nu='5', move='(5, 0, 2)', instance='Jam-11')|22|628|5088|99|628
Rec(t='1490031202.54', event='commit_move', piece='w', move_nu='6', move='(3, 3, 3)', instance='Jam-11')|21|626|5073|114|626
Rec(t='1490031204.75', event='commit_move', piece='l', move_nu='7', move='(3, 5, 3)', instance='Jam-11')|20|625|5063|112|625
Rec(t='1490031207.55', event='commit_move', piece='y', move_nu='8', move='(2, 4, 2)', instance='Jam-11')|19|627|5082|118|627
Rec(t='1490031209.52', event='commit_move', piece='b', move_nu='9', move='(1, 0, 2)', instance='Jam-11')|18|625|5063|112|625
Rec(t='1490031211.74', event='commit_move', piece='r', move_nu='10', move='(1, 2, 2)', instance='Jam-11')|17|628|5086|114|628
Rec(t='1490031220.74', event='commit_move', piece='B', move_nu='11', move='(0, 0, 3)', instance='Jam-11')|16|624|5075|120|624
Rec(t='1490031235.32', event='commit_move', piece='w', move_nu='12', move='(0, 3, 3)', instance='Jam-11')|15|588|4784|144|588
Rec(t='1490031237.7', event='commit_move', piece='c', move_nu='13', move='(5, 1, 2)', instance='Jam-11')|14|546|4400|171|546
Rec(t='1490031239.79', event='commit_move', piece='M', move_nu='14', move='(3, 1, 3)', instance='Jam-11')|13|415|3227|178|415
Rec(t='1490031242.9', event='commit_move', piece='b', move_nu='15', move='(4, 0, 2)', instance='Jam-11')|12|314|2439|195|314
Rec(t='1490031245.04', event='commit_move', piece='M', move_nu='16', move='(3, 0, 3)', instance='Jam-11')|11|232|1795|172|232
Rec(t='1490031251.29', event='commit_move', piece='w', move_nu='17', move='(3, 3, 3)', instance='Jam-11')|10|199|1521|142|199
Rec(t='1490031253.34', event='commit_move', piece='y', move_nu='18', move='(2, 3, 2)', instance='Jam-11')|10|188|1435|108|188
Rec(t='1490031261.76', event='commit_move', piece='y', move_nu='19', move='(2, 4, 2)', instance='Jam-11')|10|201|1537|106|201
Rec(t='1490031264.72', event='commit_move', piece='B', move_nu='20', move='(0, 3, 3)', instance='Jam-11')|9|190|1444|122|190
Rec(t='1490031266.63', event='commit_move', piece='r', move_nu='21', move='(0, 2, 2)', instance='Jam-11')|8|134|1072|152|134
Rec(t='1490031268.8', event='commit_move', piece='y', move_nu='22', move='(2, 0, 2)', instance='Jam-11')|7|89|775|129|89
Rec(t='1490031270.77', event='commit_move', piece='r', move_nu='23', move='(1, 2, 2)', instance='Jam-11')|6|58|540|107|58
Rec(t='1490031273.02', event='commit_move', piece='B', move_nu='24', move='(0, 0, 3)', instance='Jam-11')|5|45|434|99|45
Rec(t='1490031275.1', event='commit_move', piece='w', move_nu='25', move='(0, 3, 3)', instance='Jam-11')|4|30|285|76|30
Rec(t='1490031277.24', event='commit_move', piece='l', move_nu='26', move='(0, 5, 3)', instance='Jam-11')|3|18|170|60|18
Rec(t='1490031279.44', event='commit_move', piece='M', move_nu='27', move='(3, 3, 3)', instance='Jam-11')|2|13|112|40|13
Rec(t='1490031281.62', event='commit_move', piece='c', move_nu='28', move='(5, 4, 2)', instance='Jam-11')|2|1|10|10|1
Rec(t='1490031283.47', event='commit_move', piece='r', move_nu='29', move='(4, 2, 2)', instance='Jam-11')|1|0|0|0|0
Rec(t='1490031283.47', event='win', piece='r', move_nu='29', move='(4, 2, 2)', instance='Jam-11')|1|0|0|0|0
