Rec(t='1490036743.97', event='start', piece='None', move_nu='0', move='None', instance='Jam-2')|9|6381|64476|16025|421
Rec(t='1490036755.72', event='commit_move', piece='y', move_nu='0', move='(1, 0, 3)', instance='Jam-2')|9|11363|118697|47629|521
Rec(t='1490036758.09', event='commit_move', piece='r', move_nu='1', move='(1, 2, 2)', instance='Jam-2')|8|4845|51284|22475|373
Rec(t='1490036765.33', event='commit_move', piece='b', move_nu='2', move='(0, 1, 2)', instance='Jam-2')|7|1249|13525|7222|166
Rec(t='1490036776.12', event='commit_move', piece='M', move_nu='3', move='(4, 0, 2)', instance='Jam-2')|6|241|2606|1587|72
Rec(t='1490036778.96', event='commit_move', piece='g', move_nu='4', move='(3, 4, 2)', instance='Jam-2')|5|70|772|509|34
Rec(t='1490036780.55', event='commit_move', piece='o', move_nu='5', move='(5, 3, 3)', instance='Jam-2')|4|14|137|99|11
Rec(t='1490036786.67', event='commit_move', piece='o', move_nu='6', move='(5, 0, 3)', instance='Jam-2')|5|83|944|323|36
Rec(t='1490036788.44', event='commit_move', piece='w', move_nu='7', move='(3, 3, 3)', instance='Jam-2')|6|336|4023|1156|85
Rec(t='1490036791.24', event='commit_move', piece='B', move_nu='8', move='(2, 3, 2)', instance='Jam-2')|7|752|9037|2650|119
Rec(t='1490036796.66', event='commit_move', piece='l', move_nu='9', move='(1, 5, 2)', instance='Jam-2')|8|1516|18494|5836|230
Rec(t='1490036798.66', event='commit_move', piece='b', move_nu='10', move='(0, 4, 2)', instance='Jam-2')|8|1920|23657|12902|283
Rec(t='1490036802.13', event='commit_move', piece='r', move_nu='11', move='(0, 2, 2)', instance='Jam-2')|8|6714|83037|38616|442
Rec(t='1490036802.89', event='commit_move', piece='y', move_nu='12', move='(0, 0, 3)', instance='Jam-2')|7|1923|23848|11746|294
Rec(t='1490036805.0', event='commit_move', piece='B', move_nu='13', move='(2, 1, 2)', instance='Jam-2')|8|26357|324586|53705|1014
Rec(t='1490036809.41', event='commit_move', piece='w', move_nu='14', move='(0, 3, 3)', instance='Jam-2')|8|29790|365798|109126|1088
Rec(t='1490036810.8', event='commit_move', piece='M', move_nu='15', move='(4, 1, 2)', instance='Jam-2')|8|37109|454682|121475|1091
Rec(t='1490036811.78', event='commit_move', piece='o', move_nu='16', move='(5, 1, 3)', instance='Jam-2')|8|38559|471760|128142|1103
Rec(t='1490036813.33', event='commit_move', piece='y', move_nu='17', move='(3, 0, 3)', instance='Jam-2')|7|5807|69612|28467|448
Rec(t='1490036814.13', event='commit_move', piece='B', move_nu='18', move='(2, 0, 2)', instance='Jam-2')|6|246|2554|1564|67
Rec(t='1490036815.22', event='commit_move', piece='r', move_nu='19', move='(1, 2, 2)', instance='Jam-2')|6|165|1548|866|48
Rec(t='1490036817.97', event='commit_move', piece='g', move_nu='20', move='(1, 4, 2)', instance='Jam-2')|5|88|827|461|34
Rec(t='1490036819.29', event='commit_move', piece='c', move_nu='21', move='(3, 3, 2)', instance='Jam-2')|4|23|204|129|16
Rec(t='1490036820.19', event='commit_move', piece='r', move_nu='22', move='(2, 2, 2)', instance='Jam-2')|4|25|213|127|17
Rec(t='1490036821.85', event='commit_move', piece='M', move_nu='23', move='(4, 3, 2)', instance='Jam-2')|3|6|52|38|6
Rec(t='1490036822.69', event='commit_move', piece='r', move_nu='24', move='(3, 2, 2)', instance='Jam-2')|3|11|94|65|10
Rec(t='1490036823.9', event='commit_move', piece='o', move_nu='25', move='(5, 3, 3)', instance='Jam-2')|2|5|43|32|5
Rec(t='1490036824.32', event='win', piece='r', move_nu='26', move='(4, 2, 2)', instance='Jam-2')|2|0|0|0|0
Rec(t='1490036826.38', event='start', piece='None', move_nu='0', move='None', instance='Jam-3')|15|18464|186707|14591|578
Rec(t='1490036861.57', event='commit_move', piece='w', move_nu='0', move='(3, 0, 3)', instance='Jam-3')|14|9951|97487|11048|578
Rec(t='1490036863.34', event='commit_move', piece='b', move_nu='1', move='(2, 3, 2)', instance='Jam-3')|14|14369|141260|19513|578
Rec(t='1490036864.26', event='commit_move', piece='l', move_nu='2', move='(1, 3, 2)', instance='Jam-3')|13|12210|114286|6055|513
Rec(t='1490036865.99', event='commit_move', piece='B', move_nu='3', move='(0, 5, 2)', instance='Jam-3')|12|7507|70811|3951|456
Rec(t='1490036867.93', event='commit_move', piece='y', move_nu='4', move='(5, 0, 3)', instance='Jam-3')|11|6843|63719|4941|452
Rec(t='1490036869.41', event='commit_move', piece='b', move_nu='5', move='(4, 3, 2)', instance='Jam-3')|10|3026|28748|6437|420
Rec(t='1490036871.36', event='commit_move', piece='w', move_nu='6', move='(3, 3, 3)', instance='Jam-3')|9|1004|9914|4238|214
Rec(t='1490036874.91', event='commit_move', piece='r', move_nu='7', move='(2, 2, 2)', instance='Jam-3')|8|382|3707|1737|132
Rec(t='1490036876.46', event='commit_move', piece='l', move_nu='8', move='(1, 0, 2)', instance='Jam-3')|7|292|2938|1403|115
Rec(t='1490036881.07', event='commit_move', piece='r', move_nu='9', move='(1, 2, 2)', instance='Jam-3')|6|169|1816|1077|76
Rec(t='1490036882.5', event='commit_move', piece='w', move_nu='10', move='(3, 0, 3)', instance='Jam-3')|5|91|1056|683|56
Rec(t='1490036884.05', event='commit_move', piece='b', move_nu='11', move='(0, 3, 2)', instance='Jam-3')|4|54|640|442|28
Rec(t='1490036885.47', event='commit_move', piece='y', move_nu='12', move='(5, 3, 3)', instance='Jam-3')|3|10|120|97|9
Rec(t='1490036886.55', event='commit_move', piece='w', move_nu='13', move='(3, 3, 3)', instance='Jam-3')|2|3|32|27|3
Rec(t='1490036887.3', event='win', piece='r', move_nu='14', move='(4, 2, 2)', instance='Jam-3')|2|0|0|0|0
Rec(t='1490038282.7', event='start', piece='None', move_nu='0', move='None', instance='Jam-16')|22|776471|6260291|364346|1934
Rec(t='1490038331.9', event='commit_move', piece='m', move_nu='0', move='(4, 5, 2)', instance='Jam-16')|21|731047|6720536|191115|1934
Rec(t='1490038333.04', event='commit_move', piece='l', move_nu='1', move='(1, 4, 2)', instance='Jam-16')|20|567876|5383387|57445|1919
Rec(t='1490038334.7', event='commit_move', piece='B', move_nu='2', move='(0, 4, 2)', instance='Jam-16')|20|1172867|10774228|301496|1975
Rec(t='1490038336.15', event='commit_move', piece='g', move_nu='3', move='(0, 1, 2)', instance='Jam-16')|19|608283|5888663|62237|1968
Rec(t='1490038337.14', event='commit_move', piece='o', move_nu='4', move='(2, 3, 3)', instance='Jam-16')|18|423139|3956603|63361|1967
Rec(t='1490038338.67', event='commit_move', piece='r', move_nu='5', move='(0, 2, 2)', instance='Jam-16')|17|489503|4598518|278440|1938
Rec(t='1490038341.96', event='commit_move', piece='M', move_nu='6', move='(4, 1, 2)', instance='Jam-16')|16|259087|2404059|133279|1930
Rec(t='1490038342.77', event='commit_move', piece='c', move_nu='7', move='(3, 0, 2)', instance='Jam-16')|15|196704|1853621|124742|1876
Rec(t='1490038344.07', event='commit_move', piece='o', move_nu='8', move='(2, 0, 3)', instance='Jam-16')|14|89222|791694|115216|1605
Rec(t='1490038348.16', event='commit_move', piece='w', move_nu='9', move='(0, 3, 3)', instance='Jam-16')|13|30853|269838|35374|1181
Rec(t='1490038349.13', event='commit_move', piece='m', move_nu='10', move='(2, 5, 2)', instance='Jam-16')|12|26386|214533|22465|971
Rec(t='1490038350.54', event='commit_move', piece='M', move_nu='11', move='(4, 4, 2)', instance='Jam-16')|11|21571|176300|13379|775
Rec(t='1490038351.69', event='commit_move', piece='y', move_nu='12', move='(5, 3, 3)', instance='Jam-16')|12|25704|212579|10681|780
Rec(t='1490038380.01', event='commit_move', piece='w', move_nu='13', move='(2, 3, 3)', instance='Jam-16')|12|38083|311983|35218|736
Rec(t='1490038381.14', event='commit_move', piece='l', move_nu='14', move='(1, 3, 2)', instance='Jam-16')|11|20595|172713|26074|557
Rec(t='1490038381.79', event='commit_move', piece='B', move_nu='15', move='(0, 3, 2)', instance='Jam-16')|10|12056|107630|18529|447
Rec(t='1490038382.78', event='commit_move', piece='m', move_nu='16', move='(0, 5, 2)', instance='Jam-16')|9|3355|29614|8800|253
Rec(t='1490038385.08', event='commit_move', piece='y', move_nu='17', move='(5, 0, 3)', instance='Jam-16')|8|1614|13424|4363|203
Rec(t='1490038386.23', event='commit_move', piece='w', move_nu='18', move='(3, 3, 3)', instance='Jam-16')|7|632|4766|1467|151
Rec(t='1490038387.33', event='commit_move', piece='o', move_nu='19', move='(2, 3, 3)', instance='Jam-16')|6|174|1403|769|91
Rec(t='1490038389.21', event='commit_move', piece='r', move_nu='20', move='(3, 2, 2)', instance='Jam-16')|5|43|397|275|30
Rec(t='1490038390.65', event='commit_move', piece='o', move_nu='21', move='(2, 0, 3)', instance='Jam-16')|4|28|250|167|17
Rec(t='1490038392.13', event='commit_move', piece='w', move_nu='22', move='(2, 3, 3)', instance='Jam-16')|3|9|76|56|9
Rec(t='1490038393.05', event='commit_move', piece='y', move_nu='23', move='(5, 3, 3)', instance='Jam-16')|2|3|30|25|3
Rec(t='1490038393.43', event='win', piece='r', move_nu='24', move='(4, 2, 2)', instance='Jam-16')|2|0|0|0|0
Rec(t='1490036696.23', event='start', piece='None', move_nu='0', move='None', instance='Jam-1')|9|2761|31675|6462|306
Rec(t='1490036709.38', event='commit_move', piece='c', move_nu='0', move='(1, 4, 2)', instance='Jam-1')|8|840|9642|4044|163
Rec(t='1490036731.54', event='commit_move', piece='w', move_nu='1', move='(1, 0, 2)', instance='Jam-1')|7|315|3721|2198|70
Rec(t='1490036733.31', event='commit_move', piece='b', move_nu='2', move='(0, 0, 3)', instance='Jam-1')|6|177|2078|1255|57
Rec(t='1490036736.18', event='commit_move', piece='y', move_nu='3', move='(0, 3, 2)', instance='Jam-1')|5|88|1009|635|40
Rec(t='1490036737.43', event='commit_move', piece='B', move_nu='4', move='(0, 5, 3)', instance='Jam-1')|4|47|514|319|26
Rec(t='1490036738.95', event='commit_move', piece='l', move_nu='5', move='(3, 3, 3)', instance='Jam-1')|3|11|105|76|11
Rec(t='1490036740.33', event='commit_move', piece='M', move_nu='6', move='(5, 3, 3)', instance='Jam-1')|2|3|30|25|3
Rec(t='1490036741.03', event='win', piece='r', move_nu='7', move='(4, 2, 2)', instance='Jam-1')|2|0|0|0|0
Rec(t='1490036968.88', event='start', piece='None', move_nu='0', move='None', instance='Jam-6')|10|4874|50491|12232|421
Rec(t='1490036997.82', event='commit_move', piece='M', move_nu='0', move='(1, 1, 2)', instance='Jam-6')|11|13843|145375|26418|635
Rec(t='1490036998.54', event='commit_move', piece='b', move_nu='1', move='(1, 0, 2)', instance='Jam-6')|11|12855|133655|41474|623
Rec(t='1490037000.49', event='commit_move', piece='g', move_nu='2', move='(2, 4, 2)', instance='Jam-6')|10|2593|26485|10985|379
Rec(t='1490037001.33', event='commit_move', piece='B', move_nu='3', move='(1, 3, 2)', instance='Jam-6')|9|722|7440|3761|187
Rec(t='1490037004.94', event='commit_move', piece='l', move_nu='4', move='(0, 0, 2)', instance='Jam-6')|8|312|3334|1978|82
Rec(t='1490037006.28', event='commit_move', piece='B', move_nu='5', move='(0, 3, 2)', instance='Jam-6')|7|248|2698|1602|74
Rec(t='1490037007.26', event='commit_move', piece='g', move_nu='6', move='(2, 3, 2)', instance='Jam-6')|6|181|1995|1218|59
Rec(t='1490037009.1', event='commit_move', piece='m', move_nu='7', move='(0, 5, 3)', instance='Jam-6')|5|125|1382|835|46
Rec(t='1490037010.81', event='commit_move', piece='w', move_nu='8', move='(3, 3, 3)', instance='Jam-6')|4|46|524|346|26
Rec(t='1490037011.9', event='commit_move', piece='y', move_nu='9', move='(4, 3, 3)', instance='Jam-6')|3|13|154|117|11
Rec(t='1490037012.93', event='commit_move', piece='o', move_nu='10', move='(5, 3, 3)', instance='Jam-6')|2|4|46|37|4
Rec(t='1490037013.8', event='win', piece='r', move_nu='11', move='(4, 2, 2)', instance='Jam-6')|2|0|0|0|0
Rec(t='1490037016.12', event='start', piece='None', move_nu='0', move='None', instance='Jam-7')|14|299917|3232937|83814|2896
Rec(t='1490037032.36', event='commit_move', piece='l', move_nu='0', move='(5, 4, 2)', instance='Jam-7')|13|247479|2621572|189172|2561
Rec(t='1490037039.71', event='commit_move', piece='c', move_nu='1', move='(4, 4, 2)', instance='Jam-7')|12|190939|2023515|257686|2186
Rec(t='1490037046.82', event='commit_move', piece='B', move_nu='2', move='(5, 1, 2)', instance='Jam-7')|11|137303|1447680|260351|1939
Rec(t='1490037048.25', event='commit_move', piece='y', move_nu='3', move='(4, 0, 2)', instance='Jam-7')|10|53024|569047|145725|1728
Rec(t='1490037049.35', event='commit_move', piece='M', move_nu='4', move='(3, 0, 2)', instance='Jam-7')|9|18274|195962|57660|1253
Rec(t='1490037071.61', event='commit_move', piece='r', move_nu='5', move='(2, 2, 2)', instance='Jam-7')|8|8695|91516|25163|929
Rec(t='1490037073.25', event='commit_move', piece='b', move_nu='6', move='(1, 4, 2)', instance='Jam-7')|7|3889|44909|16575|598
Rec(t='1490037075.21', event='commit_move', piece='r', move_nu='7', move='(1, 2, 2)', instance='Jam-7')|6|920|11591|5993|278
Rec(t='1490037076.0', event='commit_move', piece='M', move_nu='8', move='(3, 1, 2)', instance='Jam-7')|5|209|3347|2367|104
Rec(t='1490037077.48', event='commit_move', piece='y', move_nu='9', move='(0, 0, 2)', instance='Jam-7')|4|92|1559|1182|50
Rec(t='1490037079.31', event='commit_move', piece='M', move_nu='10', move='(3, 0, 2)', instance='Jam-7')|3|20|339|283|20
Rec(t='1490037080.03', event='commit_move', piece='B', move_nu='11', move='(5, 0, 2)', instance='Jam-7')|2|6|104|92|6
Rec(t='1490037080.88', event='win', piece='r', move_nu='12', move='(4, 2, 2)', instance='Jam-7')|2|0|0|0|0
Rec(t='1490036889.12', event='start', piece='None', move_nu='0', move='None', instance='Jam-4')|10|159|1248|325|63
Rec(t='1490036899.83', event='commit_move', piece='l', move_nu='0', move='(0, 3, 3)', instance='Jam-4')|9|147|1168|557|64
Rec(t='1490036900.73', event='commit_move', piece='r', move_nu='1', move='(0, 2, 2)', instance='Jam-4')|8|124|1059|575|64
Rec(t='1490036904.0', event='commit_move', piece='b', move_nu='2', move='(2, 0, 2)', instance='Jam-4')|7|77|731|455|43
Rec(t='1490036909.06', event='commit_move', piece='r', move_nu='3', move='(1, 2, 2)', instance='Jam-4')|6|48|480|309|29
Rec(t='1490036911.71', event='commit_move', piece='l', move_nu='4', move='(0, 0, 3)', instance='Jam-4')|5|41|421|277|23
Rec(t='1490036913.97', event='commit_move', piece='w', move_nu='5', move='(0, 3, 3)', instance='Jam-4')|4|17|179|127|13
Rec(t='1490036916.18', event='commit_move', piece='c', move_nu='6', move='(0, 5, 3)', instance='Jam-4')|3|10|105|76|8
Rec(t='1490036917.55', event='commit_move', piece='y', move_nu='7', move='(3, 3, 3)', instance='Jam-4')|2|1|10|10|1
Rec(t='1490036918.25', event='win', piece='r', move_nu='8', move='(4, 2, 2)', instance='Jam-4')|2|0|0|0|0
Rec(t='1490036920.7', event='start', piece='None', move_nu='0', move='None', instance='Jam-5')|10|11340|141925|33418|255
Rec(t='1490036935.66', event='commit_move', piece='b', move_nu='0', move='(1, 0, 2)', instance='Jam-5')|9|5389|67001|34884|213
Rec(t='1490036936.83', event='commit_move', piece='o', move_nu='1', move='(0, 0, 3)', instance='Jam-5')|8|2002|24682|13164|166
Rec(t='1490036954.22', event='commit_move', piece='g', move_nu='2', move='(1, 4, 2)', instance='Jam-5')|7|747|9311|5025|107
Rec(t='1490036955.3', event='commit_move', piece='l', move_nu='3', move='(1, 5, 2)', instance='Jam-5')|6|273|3466|1974|63
Rec(t='1490036962.82', event='commit_move', piece='w', move_nu='4', move='(4, 3, 3)', instance='Jam-5')|5|35|431|291|19
Rec(t='1490036963.91', event='commit_move', piece='m', move_nu='5', move='(5, 3, 2)', instance='Jam-5')|4|9|115|93|8
Rec(t='1490036964.91', event='commit_move', piece='M', move_nu='6', move='(0, 3, 3)', instance='Jam-5')|3|8|97|79|8
Rec(t='1490036966.23', event='commit_move', piece='y', move_nu='7', move='(3, 3, 3)', instance='Jam-5')|2|2|25|23|2
Rec(t='1490036967.03', event='win', piece='r', move_nu='8', move='(4, 2, 2)', instance='Jam-5')|2|0|0|0|0
Rec(t='1490037997.12', event='start', piece='None', move_nu='0', move='None', instance='Jam-14')|17|5361|59086|2550|5361
Rec(t='1490038056.27', event='commit_move', piece='g', move_nu='0', move='(1, 1, 2)', instance='Jam-14')|16|4458|48139|2310|4458
Rec(t='1490038057.85', event='commit_move', piece='B', move_nu='1', move='(0, 1, 2)', instance='Jam-14')|15|3766|40361|2002|3766
Rec(t='1490038058.95', event='commit_move', piece='p', move_nu='2', move='(0, 3, 2)', instance='Jam-14')|14|2920|31193|1641|2920
Rec(t='1490038059.68', event='commit_move', piece='o', move_nu='3', move='(2, 3, 2)', instance='Jam-14')|13|2632|28124|1297|2632
Rec(t='1490038062.15', event='commit_move', piece='y', move_nu='4', move='(4, 5, 2)', instance='Jam-14')|12|2274|23855|1145|2274
Rec(t='1490038067.19', event='commit_move', piece='o', move_nu='5', move='(2, 4, 2)', instance='Jam-14')|11|2219|23452|1176|2219
Rec(t='1490038068.71', event='commit_move', piece='p', move_nu='6', move='(2, 3, 2)', instance='Jam-14')|10|2080|22212|1190|2080
Rec(t='1490038069.86', event='commit_move', piece='g', move_nu='7', move='(1, 4, 2)', instance='Jam-14')|9|1903|20583|1178|1903
Rec(t='1490038071.04', event='commit_move', piece='B', move_nu='8', move='(0, 4, 2)', instance='Jam-14')|8|1562|17266|1288|1562
Rec(t='1490038077.93', event='commit_move', piece='r', move_nu='9', move='(0, 2, 2)', instance='Jam-14')|7|1049|11874|1400|1049
Rec(t='1490038079.84', event='commit_move', piece='p', move_nu='10', move='(0, 3, 2)', instance='Jam-14')|6|607|6943|1071|607
Rec(t='1490038080.96', event='commit_move', piece='c', move_nu='11', move='(2, 2, 2)', instance='Jam-14')|5|354|4475|795|354
Rec(t='1490038083.39', event='commit_move', piece='M', move_nu='12', move='(0, 1, 2)', instance='Jam-14')|4|195|2607|608|195
Rec(t='1490038084.26', event='commit_move', piece='c', move_nu='13', move='(2, 0, 2)', instance='Jam-14')|3|44|611|240|44
Rec(t='1490038085.15', event='commit_move', piece='l', move_nu='14', move='(4, 0, 2)', instance='Jam-14')|2|19|285|152|19
Rec(t='1490038085.96', event='commit_move', piece='m', move_nu='15', move='(5, 0, 2)', instance='Jam-14')|2|2|35|30|2
Rec(t='1490038086.85', event='win', piece='r', move_nu='16', move='(4, 2, 2)', instance='Jam-14')|0|0|0|0|0
Rec(t='1490037082.24', event='start', piece='None', move_nu='0', move='None', instance='Jam-8')|12|357|2719|206|357
Rec(t='1490037096.74', event='commit_move', piece='c', move_nu='0', move='(0, 1, 2)', instance='Jam-8')|11|337|2593|339|337
Rec(t='1490037097.91', event='commit_move', piece='b', move_nu='1', move='(0, 0, 2)', instance='Jam-8')|10|272|2155|301|272
Rec(t='1490037098.91', event='commit_move', piece='B', move_nu='2', move='(2, 0, 2)', instance='Jam-8')|9|222|1761|247|222
Rec(t='1490037099.81', event='commit_move', piece='g', move_nu='3', move='(3, 0, 2)', instance='Jam-8')|8|170|1371|235|170
Rec(t='1490037106.53', event='commit_move', piece='M', move_nu='4', move='(4, 0, 2)', instance='Jam-8')|7|107|868|198|107
Rec(t='1490037123.07', event='commit_move', piece='t', move_nu='5', move='(2, 2, 2)', instance='Jam-8')|8|181|1413|1|181
Rec(t='1490037124.57', event='commit_move', piece='o', move_nu='6', move='(2, 4, 3)', instance='Jam-8')|9|192|1479|1|192
Rec(t='1490037125.29', event='commit_move', piece='w', move_nu='7', move='(2, 5, 3)', instance='Jam-8')|8|111|794|110|111
Rec(t='1490037126.39', event='commit_move', piece='m', move_nu='8', move='(3, 3, 2)', instance='Jam-8')|7|85|602|91|85
Rec(t='1490037174.89', event='restart', piece='None', move_nu='9', move='None', instance='Jam-8')|7|85|602|37|85
Rec(t='1490037176.12', event='start', piece='None', move_nu='0', move='None', instance='Jam-8')|12|357|2719|206|357
Rec(t='1490037218.5', event='commit_move', piece='c', move_nu='0', move='(0, 1, 2)', instance='Jam-8')|11|337|2593|339|337
Rec(t='1490037220.22', event='commit_move', piece='b', move_nu='1', move='(0, 0, 2)', instance='Jam-8')|10|272|2155|301|272
Rec(t='1490037223.17', event='commit_move', piece='B', move_nu='2', move='(2, 0, 2)', instance='Jam-8')|9|222|1761|247|222
Rec(t='1490037224.85', event='commit_move', piece='t', move_nu='3', move='(2, 2, 2)', instance='Jam-8')|10|304|2331|1|304
Rec(t='1490037229.62', event='commit_move', piece='o', move_nu='4', move='(2, 4, 3)', instance='Jam-8')|11|304|2331|1|304
Rec(t='1490037230.34', event='commit_move', piece='w', move_nu='5', move='(2, 5, 3)', instance='Jam-8')|10|173|1236|138|173
Rec(t='1490037233.81', event='commit_move', piece='g', move_nu='6', move='(3, 1, 2)', instance='Jam-8')|10|185|1349|71|185
Rec(t='1490037235.19', event='commit_move', piece='m', move_nu='7', move='(3, 3, 2)', instance='Jam-8')|9|146|1049|123|146
Rec(t='1490037236.78', event='commit_move', piece='y', move_nu='8', move='(5, 3, 3)', instance='Jam-8')|10|166|1211|1|166
Rec(t='1490037272.43', event='restart', piece='None', move_nu='9', move='None', instance='Jam-8')|10|166|1211|54|166
Rec(t='1490037273.17', event='start', piece='None', move_nu='0', move='None', instance='Jam-8')|12|357|2719|206|357
Rec(t='1490037299.03', event='start', piece='None', move_nu='0', move='None', instance='Jam-9')|12|268|2168|264|268
Rec(t='1490037311.98', event='commit_move', piece='r', move_nu='0', move='(1, 2, 2)', instance='Jam-9')|11|270|2191|278|270
Rec(t='1490037314.23', event='commit_move', piece='o', move_nu='1', move='(0, 0, 3)', instance='Jam-9')|10|268|2168|268|268
Rec(t='1490037315.25', event='commit_move', piece='w', move_nu='2', move='(0, 3, 3)', instance='Jam-9')|9|266|2164|270|266
Rec(t='1490037328.14', event='commit_move', piece='B', move_nu='3', move='(3, 4, 2)', instance='Jam-9')|8|213|1799|274|213
Rec(t='1490037330.94', event='commit_move', piece='y', move_nu='4', move='(4, 3, 3)', instance='Jam-9')|7|136|1187|279|136
Rec(t='1490037341.03', event='commit_move', piece='r', move_nu='5', move='(3, 2, 2)', instance='Jam-9')|6|62|513|142|62
Rec(t='1490037342.26', event='commit_move', piece='b', move_nu='6', move='(1, 1, 2)', instance='Jam-9')|5|44|359|107|44
Rec(t='1490037343.46', event='commit_move', piece='c', move_nu='7', move='(1, 0, 2)', instance='Jam-9')|4|34|281|94|34
Rec(t='1490037344.13', event='commit_move', piece='M', move_nu='8', move='(3, 0, 2)', instance='Jam-9')|3|17|140|58|17
Rec(t='1490037345.13', event='commit_move', piece='g', move_nu='9', move='(3, 1, 2)', instance='Jam-9')|2|12|105|47|12
Rec(t='1490037346.13', event='commit_move', piece='l', move_nu='10', move='(5, 0, 2)', instance='Jam-9')|2|5|44|28|5
Rec(t='1490037346.48', event='win', piece='r', move_nu='11', move='(4, 2, 2)', instance='Jam-9')|0|0|0|0|0
Rec(t='1490038395.85', event='start', piece='None', move_nu='0', move='None', instance='Jam-17')|24|1652|15673|309|1652
Rec(t='1490038419.24', event='commit_move', piece='o', move_nu='0', move='(3, 2, 3)', instance='Jam-17')|24|1651|15665|308|1651
Rec(t='1490038422.4', event='commit_move', piece='l', move_nu='1', move='(4, 3, 2)', instance='Jam-17')|24|1653|15683|310|1653
Rec(t='1490038423.23', event='commit_move', piece='m', move_nu='2', move='(5, 3, 2)', instance='Jam-17')|24|1651|15665|308|1651
Rec(t='1490038427.38', event='commit_move', piece='p', move_nu='3', move='(3, 5, 3)', instance='Jam-17')|23|1653|15681|320|1653
Rec(t='1490038429.2', event='commit_move', piece='c', move_nu='4', move='(1, 1, 2)', instance='Jam-17')|22|1654|15691|321|1654
Rec(t='1490038442.84', event='commit_move', piece='o', move_nu='5', move='(3, 1, 3)', instance='Jam-17')|21|1651|15665|318|1651
Rec(t='1490038443.37', event='commit_move', piece='l', move_nu='6', move='(4, 2, 2)', instance='Jam-17')|20|1657|15721|325|1657
Rec(t='1490038444.02', event='commit_move', piece='m', move_nu='7', move='(5, 2, 2)', instance='Jam-17')|19|1654|15689|319|1654
Rec(t='1490038445.01', event='commit_move', piece='w', move_nu='8', move='(3, 4, 3)', instance='Jam-17')|18|1655|15701|322|1655
Rec(t='1490038446.16', event='commit_move', piece='B', move_nu='9', move='(2, 4, 2)', instance='Jam-17')|17|1652|15673|319|1652
Rec(t='1490038448.01', event='commit_move', piece='g', move_nu='10', move='(1, 3, 2)', instance='Jam-17')|16|1651|15665|318|1651
Rec(t='1490038448.59', event='commit_move', piece='r', move_nu='11', move='(1, 2, 2)', instance='Jam-17')|15|1657|15719|321|1657
Rec(t='1490038450.31', event='commit_move', piece='b', move_nu='12', move='(0, 4, 2)', instance='Jam-17')|14|1653|15681|319|1653
Rec(t='1490038490.5', event='commit_move', piece='y', move_nu='13', move='(3, 0, 3)', instance='Jam-17')|13|1336|12461|502|1336
Rec(t='1490038491.25', event='commit_move', piece='c', move_nu='14', move='(0, 1, 2)', instance='Jam-17')|12|944|8763|744|944
Rec(t='1490038491.9', event='commit_move', piece='r', move_nu='15', move='(0, 2, 2)', instance='Jam-17')|11|564|5211|696|564
Rec(t='1490038492.45', event='commit_move', piece='g', move_nu='16', move='(0, 3, 2)', instance='Jam-17')|10|497|4657|579|497
Rec(t='1490038494.62', event='commit_move', piece='B', move_nu='17', move='(2, 0, 2)', instance='Jam-17')|9|241|2150|387|241
Rec(t='1490038499.4', event='commit_move', piece='w', move_nu='18', move='(1, 4, 3)', instance='Jam-17')|9|399|3728|438|399
Rec(t='1490038501.22', event='commit_move', piece='p', move_nu='19', move='(1, 5, 3)', instance='Jam-17')|9|482|4645|409|482
Rec(t='1490038510.89', event='commit_move', piece='l', move_nu='20', move='(4, 4, 2)', instance='Jam-17')|8|161|1433|265|161
Rec(t='1490038511.94', event='commit_move', piece='m', move_nu='21', move='(5, 4, 2)', instance='Jam-17')|7|73|629|192|73
Rec(t='1490038512.87', event='commit_move', piece='B', move_nu='22', move='(2, 2, 2)', instance='Jam-17')|8|165|1520|5|165
Rec(t='1490038514.04', event='commit_move', piece='y', move_nu='23', move='(0, 0, 3)', instance='Jam-17')|9|331|3068|5|331
Rec(t='1490038514.71', event='commit_move', piece='o', move_nu='24', move='(3, 0, 3)', instance='Jam-17')|10|469|4110|3|469
Rec(t='1490038515.54', event='commit_move', piece='B', move_nu='25', move='(2, 1, 2)', instance='Jam-17')|10|540|4744|252|540
Rec(t='1490038518.26', event='commit_move', piece='g', move_nu='26', move='(4, 3, 2)', instance='Jam-17')|9|277|2269|273|277
Rec(t='1490038526.12', event='commit_move', piece='o', move_nu='27', move='(3, 1, 3)', instance='Jam-17')|8|97|652|108|97
Rec(t='1490038527.55', event='commit_move', piece='y', move_nu='28', move='(3, 0, 3)', instance='Jam-17')|7|49|275|32|49
Rec(t='1490038528.23', event='commit_move', piece='B', move_nu='29', move='(2, 0, 2)', instance='Jam-17')|6|29|146|27|29
Rec(t='1490038531.95', event='commit_move', piece='r', move_nu='30', move='(1, 2, 2)', instance='Jam-17')|5|13|52|13|13
Rec(t='1490038532.75', event='commit_move', piece='b', move_nu='31', move='(0, 2, 2)', instance='Jam-17')|4|10|42|11|10
Rec(t='1490038534.13', event='commit_move', piece='w', move_nu='32', move='(0, 4, 3)', instance='Jam-17')|3|7|31|11|7
Rec(t='1490038535.2', event='commit_move', piece='p', move_nu='33', move='(0, 5, 3)', instance='Jam-17')|2|3|14|8|3
Rec(t='1490038536.69', event='commit_move', piece='o', move_nu='34', move='(3, 3, 3)', instance='Jam-17')|2|4|21|9|4
Rec(t='1490038537.37', event='win', piece='r', move_nu='35', move='(4, 2, 2)', instance='Jam-17')|0|0|0|0|0
Rec(t='1490037349.57', event='start', piece='None', move_nu='0', move='None', instance='Jam-10')|17|1359|11763|200|1359
Rec(t='1490037366.77', event='commit_move', piece='M', move_nu='0', move='(3, 0, 2)', instance='Jam-10')|16|1363|11797|231|1363
Rec(t='1490037367.82', event='commit_move', piece='y', move_nu='1', move='(5, 0, 3)', instance='Jam-10')|15|1363|11797|231|1363
Rec(t='1490037369.04', event='commit_move', piece='w', move_nu='2', move='(3, 3, 3)', instance='Jam-10')|14|1362|11789|226|1362
Rec(t='1490037370.04', event='commit_move', piece='r', move_nu='3', move='(3, 2, 2)', instance='Jam-10')|13|1338|11642|242|1338
Rec(t='1490037372.56', event='commit_move', piece='c', move_nu='4', move='(2, 4, 2)', instance='Jam-10')|12|1261|11020|299|1261
Rec(t='1490037375.05', event='commit_move', piece='b', move_nu='5', move='(1, 0, 2)', instance='Jam-10')|11|965|8541|423|965
Rec(t='1490037376.03', event='commit_move', piece='B', move_nu='6', move='(1, 1, 2)', instance='Jam-10')|10|671|6110|496|671
Rec(t='1490037377.61', event='commit_move', piece='o', move_nu='7', move='(0, 0, 3)', instance='Jam-10')|9|404|3594|469|404
Rec(t='1490037390.85', event='commit_move', piece='w', move_nu='8', move='(0, 3, 3)', instance='Jam-10')|8|266|2309|339|266
Rec(t='1490037392.4', event='commit_move', piece='r', move_nu='9', move='(1, 2, 2)', instance='Jam-10')|7|187|1592|264|187
Rec(t='1490037394.0', event='commit_move', piece='g', move_nu='10', move='(3, 1, 2)', instance='Jam-10')|6|89|730|165|89
Rec(t='1490037396.81', event='commit_move', piece='w', move_nu='11', move='(3, 3, 3)', instance='Jam-10')|7|163|1409|11|163
Rec(t='1490037397.79', event='commit_move', piece='c', move_nu='12', move='(2, 3, 2)', instance='Jam-10')|8|176|1507|13|176
Rec(t='1490037399.19', event='commit_move', piece='p', move_nu='13', move='(2, 5, 2)', instance='Jam-10')|8|122|1020|183|122
Rec(t='1490037419.47', event='commit_move', piece='l', move_nu='14', move='(3, 4, 2)', instance='Jam-10')|7|69|609|174|69
Rec(t='1490037420.22', event='restart', piece='None', move_nu='15', move='None', instance='Jam-10')|7|65|573|117|65
Rec(t='1490037421.45', event='start', piece='None', move_nu='0', move='None', instance='Jam-10')|17|1362|11789|202|1362
Rec(t='1490037469.76', event='commit_move', piece='r', move_nu='0', move='(3, 2, 2)', instance='Jam-10')|16|1336|11625|238|1336
Rec(t='1490037473.73', event='commit_move', piece='M', move_nu='1', move='(3, 0, 2)', instance='Jam-10')|15|1336|11627|237|1336
Rec(t='1490037474.59', event='commit_move', piece='y', move_nu='2', move='(5, 0, 3)', instance='Jam-10')|14|1339|11649|242|1339
Rec(t='1490037476.13', event='commit_move', piece='w', move_nu='3', move='(3, 3, 3)', instance='Jam-10')|13|1336|11627|237|1336
Rec(t='1490037482.23', event='commit_move', piece='c', move_nu='4', move='(2, 2, 2)', instance='Jam-10')|13|1374|11897|176|1374
Rec(t='1490037483.31', event='commit_move', piece='b', move_nu='5', move='(1, 0, 2)', instance='Jam-10')|12|1125|9797|372|1125
Rec(t='1490037484.2', event='commit_move', piece='B', move_nu='6', move='(1, 1, 2)', instance='Jam-10')|11|824|7306|512|824
Rec(t='1490037486.35', event='commit_move', piece='o', move_nu='7', move='(0, 0, 3)', instance='Jam-10')|10|477|4159|517|477
Rec(t='1490037497.02', event='commit_move', piece='c', move_nu='8', move='(2, 4, 2)', instance='Jam-10')|9|406|3609|475|406
Rec(t='1490037498.81', event='commit_move', piece='w', move_nu='9', move='(0, 3, 3)', instance='Jam-10')|8|265|2299|337|265
Rec(t='1490037500.79', event='commit_move', piece='r', move_nu='10', move='(1, 2, 2)', instance='Jam-10')|7|189|1609|266|189
Rec(t='1490037502.62', event='commit_move', piece='g', move_nu='11', move='(3, 1, 2)', instance='Jam-10')|6|88|723|164|88
Rec(t='1490037510.05', event='commit_move', piece='g', move_nu='12', move='(3, 3, 2)', instance='Jam-10')|7|172|1406|5|172
Rec(t='1490037511.11', event='commit_move', piece='r', move_nu='13', move='(3, 2, 2)', instance='Jam-10')|8|208|1734|6|208
Rec(t='1490037515.08', event='commit_move', piece='r', move_nu='14', move='(1, 2, 2)', instance='Jam-10')|7|175|1428|228|175
Rec(t='1490037516.1', event='commit_move', piece='g', move_nu='15', move='(3, 1, 2)', instance='Jam-10')|6|89|736|171|89
Rec(t='1490037522.8', event='commit_move', piece='w', move_nu='16', move='(3, 3, 3)', instance='Jam-10')|7|163|1405|11|163
Rec(t='1490037523.75', event='commit_move', piece='c', move_nu='17', move='(2, 3, 2)', instance='Jam-10')|8|180|1549|9|180
Rec(t='1490037526.74', event='commit_move', piece='p', move_nu='18', move='(2, 5, 2)', instance='Jam-10')|8|120|1003|181|120
Rec(t='1490037528.49', event='commit_move', piece='l', move_nu='19', move='(3, 4, 2)', instance='Jam-10')|7|67|594|177|67
Rec(t='1490037529.67', event='commit_move', piece='p', move_nu='20', move='(3, 5, 2)', instance='Jam-10')|6|55|503|168|55
Rec(t='1490037530.5', event='commit_move', piece='c', move_nu='21', move='(2, 4, 2)', instance='Jam-10')|5|54|502|161|54
Rec(t='1490037531.7', event='commit_move', piece='w', move_nu='22', move='(0, 3, 3)', instance='Jam-10')|4|21|183|76|21
Rec(t='1490037533.57', event='commit_move', piece='y', move_nu='23', move='(5, 3, 3)', instance='Jam-10')|3|9|75|45|9
Rec(t='1490037534.66', event='commit_move', piece='M', move_nu='24', move='(4, 0, 2)', instance='Jam-10')|2|8|68|40|8
Rec(t='1490037535.21', event='commit_move', piece='g', move_nu='25', move='(3, 0, 2)', instance='Jam-10')|2|3|26|18|3
Rec(t='1490037535.93', event='win', piece='r', move_nu='26', move='(4, 2, 2)', instance='Jam-10')|0|0|0|0|0
Rec(t='1490037799.77', event='start', piece='None', move_nu='0', move='None', instance='Jam-13')|16|2354|19996|778|2354
Rec(t='1490037878.39', event='commit_move', piece='g', move_nu='0', move='(1, 1, 2)', instance='Jam-13')|16|2383|20180|765|2383
Rec(t='1490037880.08', event='commit_move', piece='l', move_nu='1', move='(1, 3, 2)', instance='Jam-13')|16|2106|18027|803|2106
Rec(t='1490037881.55', event='commit_move', piece='m', move_nu='2', move='(3, 3, 2)', instance='Jam-13')|17|2107|18044|3|2107
Rec(t='1490037892.9', event='restart', piece='None', move_nu='3', move='None', instance='Jam-13')|17|2107|18038|804|2107
Rec(t='1490037893.37', event='start', piece='None', move_nu='0', move='None', instance='Jam-13')|16|2352|19973|771|2352
Rec(t='1490037908.82', event='commit_move', piece='o', move_nu='0', move='(0, 1, 3)', instance='Jam-13')|17|2853|24206|1|2853
Rec(t='1490037910.36', event='commit_move', piece='p', move_nu='1', move='(0, 5, 2)', instance='Jam-13')|18|3689|31588|4|3689
Rec(t='1490037913.61', event='commit_move', piece='B', move_nu='2', move='(2, 4, 2)', instance='Jam-13')|18|4002|34306|976|4002
Rec(t='1490037920.78', event='commit_move', piece='g', move_nu='3', move='(1, 1, 2)', instance='Jam-13')|18|4004|34313|975|4004
Rec(t='1490037927.12', event='commit_move', piece='g', move_nu='4', move='(1, 3, 2)', instance='Jam-13')|17|3853|33136|1335|3853
Rec(t='1490037928.42', event='commit_move', piece='r', move_nu='5', move='(1, 2, 2)', instance='Jam-13')|17|4359|37879|925|4359
Rec(t='1490037929.32', event='commit_move', piece='l', move_nu='6', move='(2, 3, 2)', instance='Jam-13')|17|4267|37173|905|4267
Rec(t='1490037930.72', event='commit_move', piece='M', move_nu='7', move='(4, 1, 2)', instance='Jam-13')|17|4984|43918|1023|4984
Rec(t='1490037932.42', event='commit_move', piece='c', move_nu='8', move='(4, 0, 2)', instance='Jam-13')|17|4558|39685|1005|4558
Rec(t='1490037933.75', event='commit_move', piece='b', move_nu='9', move='(2, 0, 2)', instance='Jam-13')|18|4999|43544|1|4999
Rec(t='1490037937.26', event='commit_move', piece='o', move_nu='10', move='(0, 0, 3)', instance='Jam-13')|19|5515|47979|3|5515
Rec(t='1490037938.09', event='commit_move', piece='r', move_nu='11', move='(2, 2, 2)', instance='Jam-13')|19|5113|44113|854|5113
Rec(t='1490037939.11', event='commit_move', piece='g', move_nu='12', move='(1, 0, 2)', instance='Jam-13')|20|5127|44216|1|5127
Rec(t='1490037941.59', event='commit_move', piece='l', move_nu='13', move='(0, 3, 2)', instance='Jam-13')|20|4560|38979|902|4560
Rec(t='1490037949.01', event='commit_move', piece='r', move_nu='14', move='(1, 2, 2)', instance='Jam-13')|21|4562|39001|1|4562
Rec(t='1490037950.31', event='commit_move', piece='m', move_nu='15', move='(3, 1, 2)', instance='Jam-13')|22|4561|38990|2|4561
Rec(t='1490037954.13', event='commit_move', piece='B', move_nu='16', move='(2, 3, 2)', instance='Jam-13')|23|4559|38967|4|4559
Rec(t='1490037955.96', event='commit_move', piece='t', move_nu='17', move='(2, 5, 2)', instance='Jam-13')|24|4560|38979|3|4560
Rec(t='1490037956.78', event='commit_move', piece='w', move_nu='18', move='(3, 4, 2)', instance='Jam-13')|25|4560|38978|3|4560
Rec(t='1490037958.63', event='commit_move', piece='y', move_nu='19', move='(5, 3, 3)', instance='Jam-13')|26|4560|38978|3|4560
Rec(t='1490037971.77', event='commit_move', piece='y', move_nu='20', move='(5, 1, 3)', instance='Jam-13')|25|4560|38978|1297|4560
Rec(t='1490037975.34', event='commit_move', piece='w', move_nu='21', move='(4, 4, 2)', instance='Jam-13')|24|4560|38978|1300|4560
Rec(t='1490037977.74', event='commit_move', piece='t', move_nu='22', move='(3, 5, 2)', instance='Jam-13')|24|4561|38990|903|4561
Rec(t='1490037978.39', event='commit_move', piece='B', move_nu='23', move='(2, 4, 2)', instance='Jam-13')|23|4561|38990|1303|4561
Rec(t='1490037719.03', event='start', piece='None', move_nu='0', move='None', instance='Jam-12')|17|1159|10740|127|1159
Rec(t='1490037741.38', event='commit_move', piece='y', move_nu='0', move='(3, 0, 2)', instance='Jam-12')|16|1158|10734|154|1158
Rec(t='1490037742.33', event='commit_move', piece='M', move_nu='1', move='(2, 0, 3)', instance='Jam-12')|15|1159|10739|153|1159
Rec(t='1490037767.69', event='commit_move', piece='w', move_nu='2', move='(1, 3, 3)', instance='Jam-12')|14|1158|10734|154|1158
Rec(t='1490037769.51', event='commit_move', piece='c', move_nu='3', move='(4, 1, 2)', instance='Jam-12')|13|1158|10734|154|1158
Rec(t='1490037773.72', event='commit_move', piece='w', move_nu='4', move='(3, 3, 3)', instance='Jam-12')|12|1159|10739|153|1159
Rec(t='1490037774.94', event='commit_move', piece='l', move_nu='5', move='(3, 5, 3)', instance='Jam-12')|11|1158|10734|154|1158
Rec(t='1490037776.84', event='commit_move', piece='M', move_nu='6', move='(2, 3, 3)', instance='Jam-12')|10|1150|10702|162|1150
Rec(t='1490037779.18', event='commit_move', piece='y', move_nu='7', move='(2, 0, 2)', instance='Jam-12')|9|706|6629|371|706
Rec(t='1490037779.91', event='commit_move', piece='c', move_nu='8', move='(4, 0, 2)', instance='Jam-12')|8|449|4274|314|449
Rec(t='1490037781.93', event='commit_move', piece='r', move_nu='9', move='(3, 2, 2)', instance='Jam-12')|7|285|2778|221|285
Rec(t='1490037786.51', event='commit_move', piece='M', move_nu='10', move='(2, 1, 3)', instance='Jam-12')|7|249|2427|74|249
Rec(t='1490037790.45', event='commit_move', piece='l', move_nu='11', move='(0, 5, 3)', instance='Jam-12')|6|100|972|147|100
Rec(t='1490037791.22', event='commit_move', piece='b', move_nu='12', move='(0, 1, 2)', instance='Jam-12')|5|41|400|106|41
Rec(t='1490037792.2', event='commit_move', piece='y', move_nu='13', move='(0, 0, 2)', instance='Jam-12')|4|37|365|99|37
Rec(t='1490037792.95', event='commit_move', piece='M', move_nu='14', move='(2, 0, 3)', instance='Jam-12')|3|33|329|87|33
Rec(t='1490037796.62', event='commit_move', piece='w', move_nu='15', move='(0, 3, 3)', instance='Jam-12')|2|12|109|37|12
Rec(t='1490037797.95', event='commit_move', piece='B', move_nu='16', move='(5, 3, 3)', instance='Jam-12')|2|4|34|23|4
Rec(t='1490037798.3', event='win', piece='r', move_nu='17', move='(4, 2, 2)', instance='Jam-12')|0|0|0|0|0
Rec(t='1490038088.52', event='start', piece='None', move_nu='0', move='None', instance='Jam-15')|23|517|3161|6|517
Rec(t='1490038134.24', event='commit_move', piece='n', move_nu='0', move='(4, 5, 2)', instance='Jam-15')|22|518|3166|8|518
Rec(t='1490038134.82', event='commit_move', piece='t', move_nu='1', move='(2, 5, 2)', instance='Jam-15')|21|518|3166|8|518
Rec(t='1490038149.23', event='commit_move', piece='p', move_nu='2', move='(1, 3, 3)', instance='Jam-15')|20|517|3161|7|517
Rec(t='1490038149.96', event='commit_move', piece='w', move_nu='3', move='(0, 3, 3)', instance='Jam-15')|19|517|3161|7|517
Rec(t='1490038169.17', event='commit_move', piece='r', move_nu='4', move='(0, 2, 2)', instance='Jam-15')|18|517|3161|7|517
Rec(t='1490038175.82', event='restart', piece='None', move_nu='5', move='None', instance='Jam-15')|18|518|3166|7|518
Rec(t='1490038176.16', event='start', piece='None', move_nu='0', move='None', instance='Jam-15')|23|517|3161|6|517
Rec(t='1490038189.55', event='commit_move', piece='n', move_nu='0', move='(4, 5, 2)', instance='Jam-15')|22|517|3161|7|517
Rec(t='1490038190.27', event='commit_move', piece='t', move_nu='1', move='(2, 5, 2)', instance='Jam-15')|21|517|3161|7|517
Rec(t='1490038191.03', event='commit_move', piece='p', move_nu='2', move='(1, 3, 3)', instance='Jam-15')|20|518|3166|8|518
Rec(t='1490038192.92', event='commit_move', piece='w', move_nu='3', move='(0, 3, 3)', instance='Jam-15')|19|518|3166|8|518
Rec(t='1490038198.17', event='commit_move', piece='r', move_nu='4', move='(0, 2, 2)', instance='Jam-15')|18|517|3161|7|517
Rec(t='1490038199.37', event='commit_move', piece='g', move_nu='5', move='(2, 2, 2)', instance='Jam-15')|17|488|3017|30|488
Rec(t='1490038200.1', event='commit_move', piece='l', move_nu='6', move='(3, 2, 2)', instance='Jam-15')|16|418|2603|64|418
Rec(t='1490038202.42', event='commit_move', piece='m', move_nu='7', move='(2, 4, 2)', instance='Jam-15')|15|313|1932|69|313
Rec(t='1490038203.24', event='commit_move', piece='y', move_nu='8', move='(4, 2, 3)', instance='Jam-15')|14|218|1305|52|218
Rec(t='1490038204.64', event='commit_move', piece='o', move_nu='9', move='(5, 2, 3)', instance='Jam-15')|13|171|1022|53|171
Rec(t='1490038213.11', event='commit_move', piece='B', move_nu='10', move='(4, 1, 2)', instance='Jam-15')|12|125|741|50|125
Rec(t='1490038214.38', event='commit_move', piece='M', move_nu='11', move='(2, 1, 2)', instance='Jam-15')|13|130|769|1|130
Rec(t='1490038230.77', event='commit_move', piece='b', move_nu='12', move='(0, 0, 2)', instance='Jam-15')|12|107|638|54|107
Rec(t='1490038231.37', event='commit_move', piece='c', move_nu='13', move='(2, 0, 2)', instance='Jam-15')|12|100|591|41|100
Rec(t='1490038232.4', event='commit_move', piece='M', move_nu='14', move='(0, 1, 2)', instance='Jam-15')|11|93|555|56|93
Rec(t='1490038233.32', event='commit_move', piece='B', move_nu='15', move='(2, 1, 2)', instance='Jam-15')|12|135|821|2|135
Rec(t='1490038234.62', event='commit_move', piece='y', move_nu='16', move='(4, 0, 3)', instance='Jam-15')|13|164|1000|1|164
Rec(t='1490038235.92', event='commit_move', piece='o', move_nu='17', move='(5, 0, 3)', instance='Jam-15')|14|219|1330|1|219
Rec(t='1490038237.5', event='commit_move', piece='m', move_nu='18', move='(4, 4, 2)', instance='Jam-15')|15|299|1850|2|299
Rec(t='1490038238.67', event='commit_move', piece='l', move_nu='19', move='(3, 3, 2)', instance='Jam-15')|16|386|2402|1|386
Rec(t='1490038239.56', event='commit_move', piece='g', move_nu='20', move='(2, 3, 2)', instance='Jam-15')|17|485|3009|2|485
Rec(t='1490038241.61', event='commit_move', piece='r', move_nu='21', move='(2, 2, 2)', instance='Jam-15')|18|500|3083|1|500
Rec(t='1490038242.31', event='commit_move', piece='p', move_nu='22', move='(1, 2, 3)', instance='Jam-15')|19|499|3078|2|499
Rec(t='1490038242.96', event='commit_move', piece='w', move_nu='23', move='(0, 2, 3)', instance='Jam-15')|20|499|3078|2|499
Rec(t='1490038244.22', event='commit_move', piece='t', move_nu='24', move='(0, 5, 2)', instance='Jam-15')|21|499|3078|2|499
Rec(t='1490038251.41', event='commit_move', piece='n', move_nu='25', move='(2, 5, 2)', instance='Jam-15')|22|500|3083|1|500
Rec(t='1490038252.89', event='commit_move', piece='y', move_nu='26', move='(4, 1, 3)', instance='Jam-15')|22|499|3078|24|499
Rec(t='1490038253.56', event='commit_move', piece='o', move_nu='27', move='(5, 1, 3)', instance='Jam-15')|22|501|3090|22|501
Rec(t='1490038256.11', event='commit_move', piece='c', move_nu='28', move='(4, 0, 2)', instance='Jam-15')|21|475|2951|47|475
Rec(t='1490038257.45', event='commit_move', piece='b', move_nu='29', move='(2, 0, 2)', instance='Jam-15')|22|486|3008|2|486
Rec(t='1490038261.32', event='commit_move', piece='b', move_nu='30', move='(0, 0, 2)', instance='Jam-15')|21|475|2951|47|475
Rec(t='1490038262.75', event='commit_move', piece='c', move_nu='31', move='(2, 0, 2)', instance='Jam-15')|22|502|3095|1|502
Rec(t='1490037537.78', event='start', piece='None', move_nu='0', move='None', instance='Jam-11')|25|629|5095|99|629
Rec(t='1490037563.32', event='commit_move', piece='B', move_nu='0', move='(0, 3, 3)', instance='Jam-11')|24|627|5080|117|627
Rec(t='1490037564.79', event='commit_move', piece='r', move_nu='1', move='(0, 2, 2)', instance='Jam-11')|23|626|5070|112|626
Rec(t='1490037567.21', event='commit_move', piece='b', move_nu='2', move='(0, 0, 2)', instance='Jam-11')|24|629|5097|5|629
Rec(t='1490037568.37', event='commit_move', piece='y', move_nu='3', move='(2, 0, 2)', instance='Jam-11')|23|627|5082|118|627
Rec(t='1490037587.72', event='commit_move', piece='y', move_nu='4', move='(2, 1, 2)', instance='Jam-11')|23|627|5080|99|627
Rec(t='1490037588.77', event='commit_move', piece='b', move_nu='5', move='(1, 0, 2)', instance='Jam-11')|22|627|5079|116|627
Rec(t='1490037591.2', event='restart', piece='None', move_nu='6', move='None', instance='Jam-11')|22|628|5089|101|628
Rec(t='1490037592.28', event='start', piece='None', move_nu='0', move='None', instance='Jam-11')|25|632|5122|102|632
Rec(t='1490037618.58', event='commit_move', piece='B', move_nu='0', move='(0, 3, 3)', instance='Jam-11')|24|627|5079|116|627
Rec(t='1490037629.49', event='commit_move', piece='r', move_nu='1', move='(0, 2, 2)', instance='Jam-11')|23|629|5095|118|629
Rec(t='1490037646.0', event='commit_move', piece='b', move_nu='2', move='(0, 0, 2)', instance='Jam-11')|24|627|5077|7|627
Rec(t='1490037647.36', event='commit_move', piece='y', move_nu='3', move='(2, 0, 2)', instance='Jam-11')|23|627|5082|118|627
Rec(t='1490037648.93', event='commit_move', piece='w', move_nu='4', move='(2, 3, 3)', instance='Jam-11')|22|628|5087|117|628
Rec(t='1490037653.01', event='commit_move', piece='c', move_nu='5', move='(5, 0, 2)', instance='Jam-11')|22|631|5114|102|631
Rec(t='1490037660.79', event='commit_move', piece='l', move_nu='6', move='(3, 5, 3)', instance='Jam-11')|21|627|5079|116|627
Rec(t='1490037663.02', event='commit_move', piece='w', move_nu='7', move='(3, 3, 3)', instance='Jam-11')|20|629|5094|117|629
Rec(t='1490037664.74', event='commit_move', piece='y', move_nu='8', move='(2, 4, 2)', instance='Jam-11')|19|629|5099|119|629
Rec(t='1490037668.94', event='commit_move', piece='b', move_nu='9', move='(1, 0, 2)', instance='Jam-11')|18|625|5063|112|625
Rec(t='1490037669.64', event='commit_move', piece='r', move_nu='10', move='(1, 2, 2)', instance='Jam-11')|17|626|5070|112|626
Rec(t='1490037670.94', event='commit_move', piece='B', move_nu='11', move='(0, 0, 3)', instance='Jam-11')|16|621|5054|124|621
Rec(t='1490037672.51', event='commit_move', piece='w', move_nu='12', move='(0, 3, 3)', instance='Jam-11')|15|588|4787|146|588
Rec(t='1490037679.33', event='commit_move', piece='w', move_nu='13', move='(3, 3, 3)', instance='Jam-11')|16|620|5043|8|620
Rec(t='1490037680.71', event='commit_move', piece='B', move_nu='14', move='(0, 3, 3)', instance='Jam-11')|17|629|5097|5|629
Rec(t='1490037681.45', event='commit_move', piece='r', move_nu='15', move='(0, 2, 2)', instance='Jam-11')|18|628|5087|6|628
Rec(t='1490037682.13', event='commit_move', piece='b', move_nu='16', move='(0, 0, 2)', instance='Jam-11')|19|630|5107|4|630
Rec(t='1490037683.63', event='commit_move', piece='y', move_nu='17', move='(2, 0, 2)', instance='Jam-11')|20|626|5073|8|626
Rec(t='1490037685.33', event='commit_move', piece='r', move_nu='18', move='(1, 2, 2)', instance='Jam-11')|21|627|5080|7|627
Rec(t='1490037686.97', event='commit_move', piece='B', move_nu='19', move='(0, 1, 3)', instance='Jam-11')|22|625|5063|9|625
Rec(t='1490037690.2', event='commit_move', piece='w', move_nu='20', move='(1, 3, 3)', instance='Jam-11')|23|627|5081|7|627
Rec(t='1490037691.62', event='commit_move', piece='l', move_nu='21', move='(0, 5, 3)', instance='Jam-11')|24|628|5088|6|628
Rec(t='1490037699.67', event='commit_move', piece='B', move_nu='22', move='(0, 2, 3)', instance='Jam-11')|24|628|5087|101|628
Rec(t='1490037711.56', event='restart', piece='w', move_nu='23', move='(1, 3, 3)', instance='Jam-11')|24|625|5063|98|625
Rec(t='1490037712.1', event='start', piece='None', move_nu='0', move='None', instance='Jam-11')|25|628|5085|99|628
