Rec(t='1494355042.05', event='start', piece='None', move_nu='0', move='None', instance='Jam-2')|9|6310|63875|15904|419
Rec(t='1494355055.31', event='commit_move', piece='y', move_nu='0', move='(1, 0, 3)', instance='Jam-2')|9|11349|118470|47495|518
Rec(t='1494355058.05', event='commit_move', piece='o', move_nu='1', move='(5, 0, 3)', instance='Jam-2')|9|11275|120082|49941|587
Rec(t='1494355060.51', event='commit_move', piece='M', move_nu='2', move='(4, 0, 2)', instance='Jam-2')|8|2678|29416|14667|355
Rec(t='1494355063.72', event='commit_move', piece='w', move_nu='3', move='(3, 3, 3)', instance='Jam-2')|8|3613|44479|23289|491
Rec(t='1494355065.54', event='commit_move', piece='r', move_nu='4', move='(1, 2, 2)', instance='Jam-2')|8|4455|51258|20997|422
Rec(t='1494355069.03', event='commit_move', piece='b', move_nu='5', move='(0, 3, 2)', instance='Jam-2')|7|1554|18526|8982|155
Rec(t='1494355071.97', event='commit_move', piece='y', move_nu='6', move='(0, 0, 3)', instance='Jam-2')|6|514|6344|3274|89
Rec(t='1494355074.32', event='commit_move', piece='c', move_nu='7', move='(3, 0, 2)', instance='Jam-2')|5|127|1604|926|48
Rec(t='1494355077.86', event='commit_move', piece='r', move_nu='8', move='(3, 2, 2)', instance='Jam-2')|5|174|2025|1156|72
Rec(t='1494355080.43', event='commit_move', piece='B', move_nu='9', move='(2, 1, 2)', instance='Jam-2')|5|302|3855|1866|98
Rec(t='1494355086.64', event='commit_move', piece='g', move_nu='10', move='(3, 4, 2)', instance='Jam-2')|4|52|650|458|38
Rec(t='1494355088.58', event='commit_move', piece='w', move_nu='11', move='(1, 3, 3)', instance='Jam-2')|3|19|229|180|16
Rec(t='1494355090.95', event='commit_move', piece='o', move_nu='12', move='(5, 3, 3)', instance='Jam-2')|2|8|90|74|8
Rec(t='1494355092.25', event='commit_move', piece='r', move_nu='13', move='(4, 2, 2)', instance='Jam-2')|2|0|0|0|0
Rec(t='1494355094.49', event='start', piece='None', move_nu='0', move='None', instance='Jam-3')|15|18284|184833|14536|570
Rec(t='1494355105.03', event='commit_move', piece='y', move_nu='0', move='(5, 0, 3)', instance='Jam-3')|14|17059|167885|15600|578
Rec(t='1494355106.79', event='commit_move', piece='B', move_nu='1', move='(4, 5, 2)', instance='Jam-3')|13|13409|130447|4992|577
Rec(t='1494355114.61', event='commit_move', piece='w', move_nu='2', move='(3, 0, 3)', instance='Jam-3')|12|9439|89333|4913|571
Rec(t='1494355117.41', event='commit_move', piece='b', move_nu='3', move='(4, 3, 2)', instance='Jam-3')|11|7784|74326|5956|578
Rec(t='1494355119.18', event='commit_move', piece='l', move_nu='4', move='(1, 3, 2)', instance='Jam-3')|11|7888|76178|7910|572
Rec(t='1494355121.86', event='commit_move', piece='B', move_nu='5', move='(0, 5, 2)', instance='Jam-3')|10|2878|27139|5581|416
Rec(t='1494355126.87', event='commit_move', piece='w', move_nu='6', move='(3, 3, 3)', instance='Jam-3')|9|922|9027|3856|206
Rec(t='1494355130.3', event='commit_move', piece='r', move_nu='7', move='(3, 2, 2)', instance='Jam-3')|8|368|3534|1616|128
Rec(t='1494355136.79', event='restart', piece='l', move_nu='8', move='(1, 3, 2)', instance='Jam-3')|8|350|3397|1561|130
Rec(t='1494355137.18', event='start', piece='None', move_nu='0', move='None', instance='Jam-3')|15|18735|189227|14478|577
Rec(t='1494355146.73', event='commit_move', piece='y', move_nu='0', move='(5, 0, 3)', instance='Jam-3')|14|17368|170646|15390|572
Rec(t='1494355150.94', event='commit_move', piece='w', move_nu='1', move='(3, 0, 3)', instance='Jam-3')|13|11625|111556|10979|571
Rec(t='1494355153.03', event='commit_move', piece='b', move_nu='2', move='(4, 3, 2)', instance='Jam-3')|12|9382|89663|6438|570
Rec(t='1494355154.83', event='commit_move', piece='l', move_nu='3', move='(1, 3, 2)', instance='Jam-3')|11|7065|65552|4090|518
Rec(t='1494355158.08', event='commit_move', piece='B', move_nu='4', move='(0, 5, 2)', instance='Jam-3')|10|2936|27651|5580|413
Rec(t='1494355160.28', event='commit_move', piece='w', move_nu='5', move='(3, 3, 3)', instance='Jam-3')|9|943|9249|3906|209
Rec(t='1494355162.13', event='commit_move', piece='r', move_nu='6', move='(3, 2, 2)', instance='Jam-3')|8|357|3444|1560|129
Rec(t='1494355164.18', event='commit_move', piece='l', move_nu='7', move='(1, 0, 2)', instance='Jam-3')|7|276|2759|1302|110
Rec(t='1494355166.17', event='commit_move', piece='r', move_nu='8', move='(0, 2, 2)', instance='Jam-3')|6|149|1559|919|75
Rec(t='1494355168.09', event='commit_move', piece='w', move_nu='9', move='(3, 0, 3)', instance='Jam-3')|5|94|1090|691|58
Rec(t='1494355171.1', event='commit_move', piece='b', move_nu='10', move='(0, 3, 2)', instance='Jam-3')|4|36|434|313|25
Rec(t='1494355173.07', event='commit_move', piece='w', move_nu='11', move='(3, 3, 3)', instance='Jam-3')|3|12|132|101|11
Rec(t='1494355175.05', event='commit_move', piece='y', move_nu='12', move='(5, 3, 3)', instance='Jam-3')|2|6|68|55|6
Rec(t='1494355176.87', event='commit_move', piece='r', move_nu='13', move='(4, 2, 2)', instance='Jam-3')|2|0|0|0|0
Rec(t='1494356377.37', event='start', piece='None', move_nu='0', move='None', instance='Jam-16')|22|777135|6274622|365556|1934
Rec(t='1494356385.65', event='commit_move', piece='m', move_nu='0', move='(4, 5, 2)', instance='Jam-16')|21|728506|6700796|187139|1924
Rec(t='1494356388.09', event='commit_move', piece='B', move_nu='1', move='(0, 4, 2)', instance='Jam-16')|21|1390724|11938626|756628|1978
Rec(t='1494356389.84', event='commit_move', piece='l', move_nu='2', move='(1, 4, 2)', instance='Jam-16')|20|1168528|10732715|301756|1979
Rec(t='1494356391.49', event='commit_move', piece='o', move_nu='3', move='(2, 3, 3)', instance='Jam-16')|19|789251|7057788|233200|1978
Rec(t='1494356393.73', event='commit_move', piece='r', move_nu='4', move='(0, 2, 2)', instance='Jam-16')|18|875172|7714458|288927|1970
Rec(t='1494356399.25', event='commit_move', piece='M', move_nu='5', move='(4, 1, 2)', instance='Jam-16')|17|422453|3698267|170337|1970
Rec(t='1494356401.25', event='commit_move', piece='c', move_nu='6', move='(3, 0, 2)', instance='Jam-16')|16|304266|2821001|102639|1952
Rec(t='1494356402.78', event='commit_move', piece='b', move_nu='7', move='(1, 0, 2)', instance='Jam-16')|17|680134|6260382|172344|1967
Rec(t='1494356404.53', event='commit_move', piece='r', move_nu='8', move='(2, 2, 2)', instance='Jam-16')|18|1582447|14148453|367541|1975
Rec(t='1494356406.8', event='commit_move', piece='B', move_nu='9', move='(0, 0, 2)', instance='Jam-16')|18|363757|3361523|52255|1929
Rec(t='1494356409.18', event='commit_move', piece='l', move_nu='10', move='(1, 1, 2)', instance='Jam-16')|19|337905|3024276|64649|1932
Rec(t='1494356413.3', event='commit_move', piece='l', move_nu='11', move='(1, 4, 2)', instance='Jam-16')|18|362493|3350310|51805|1911
Rec(t='1494356415.12', event='commit_move', piece='r', move_nu='12', move='(0, 2, 2)', instance='Jam-16')|19|661378|6170698|55282|1933
Rec(t='1494356416.55', event='commit_move', piece='o', move_nu='13', move='(2, 2, 3)', instance='Jam-16')|20|754744|7173234|55151|1912
Rec(t='1494356423.96', event='restart', piece='None', move_nu='14', move='None', instance='Jam-16')|20|756297|7183417|76087|1928
Rec(t='1494356424.37', event='start', piece='None', move_nu='0', move='None', instance='Jam-16')|22|746004|6055522|358831|1931
Rec(t='1494356434.68', event='commit_move', piece='m', move_nu='0', move='(4, 5, 2)', instance='Jam-16')|21|728300|6698092|187758|1933
Rec(t='1494356439.53', event='commit_move', piece='l', move_nu='1', move='(1, 4, 2)', instance='Jam-16')|20|567216|5376510|58614|1933
Rec(t='1494356441.13', event='commit_move', piece='B', move_nu='2', move='(0, 4, 2)', instance='Jam-16')|20|1168539|10732245|303653|1976
Rec(t='1494356443.5', event='commit_move', piece='g', move_nu='3', move='(0, 1, 2)', instance='Jam-16')|19|608159|5882249|62097|1975
Rec(t='1494356444.8', event='commit_move', piece='o', move_nu='4', move='(2, 3, 3)', instance='Jam-16')|18|420125|3934837|63687|1968
Rec(t='1494356446.42', event='commit_move', piece='r', move_nu='5', move='(0, 2, 2)', instance='Jam-16')|17|486808|4582282|278225|1940
Rec(t='1494356448.22', event='commit_move', piece='M', move_nu='6', move='(4, 1, 2)', instance='Jam-16')|16|260519|2415942|136379|1941
Rec(t='1494356449.74', event='commit_move', piece='c', move_nu='7', move='(3, 0, 2)', instance='Jam-16')|15|194831|1841682|121538|1875
Rec(t='1494356452.04', event='commit_move', piece='o', move_nu='8', move='(2, 0, 3)', instance='Jam-16')|14|91412|806474|119929|1617
Rec(t='1494356453.91', event='commit_move', piece='w', move_nu='9', move='(0, 3, 3)', instance='Jam-16')|13|30663|267757|37462|1184
Rec(t='1494356457.84', event='commit_move', piece='m', move_nu='10', move='(2, 5, 2)', instance='Jam-16')|12|26334|214652|21391|971
Rec(t='1494356459.64', event='commit_move', piece='M', move_nu='11', move='(4, 4, 2)', instance='Jam-16')|11|21448|175253|13419|779
Rec(t='1494356472.38', event='commit_move', piece='y', move_nu='12', move='(5, 3, 3)', instance='Jam-16')|12|26387|217088|10214|781
Rec(t='1494356481.7', event='commit_move', piece='M', move_nu='13', move='(4, 1, 2)', instance='Jam-16')|13|33673|275585|21414|968
Rec(t='1494356483.27', event='commit_move', piece='m', move_nu='14', move='(3, 5, 2)', instance='Jam-16')|14|51330|431824|38692|1192
Rec(t='1494356485.5', event='commit_move', piece='y', move_nu='15', move='(5, 0, 3)', instance='Jam-16')|13|35372|303548|37873|1193
Rec(t='1494356487.24', event='commit_move', piece='w', move_nu='16', move='(3, 3, 3)', instance='Jam-16')|14|92803|798667|84789|1601
Rec(t='1494356490.52', event='commit_move', piece='w', move_nu='17', move='(0, 3, 3)', instance='Jam-16')|13|34687|297094|36110|1193
Rec(t='1494356508.72', event='commit_move', piece='w', move_nu='18', move='(3, 3, 3)', instance='Jam-16')|14|89314|778456|83368|1600
Rec(t='1494356509.92', event='commit_move', piece='l', move_nu='19', move='(1, 3, 2)', instance='Jam-16')|15|154867|1399597|114793|1834
Rec(t='1494356511.75', event='commit_move', piece='B', move_nu='20', move='(0, 3, 2)', instance='Jam-16')|14|80337|714979|92724|1584
Rec(t='1494356513.2', event='commit_move', piece='m', move_nu='21', move='(0, 5, 2)', instance='Jam-16')|14|36730|329804|37969|1518
Rec(t='1494356519.12', event='commit_move', piece='w', move_nu='22', move='(2, 3, 3)', instance='Jam-16')|14|44136|380363|45256|1316
Rec(t='1494356520.87', event='commit_move', piece='y', move_nu='23', move='(5, 3, 3)', instance='Jam-16')|15|69457|595606|61576|1317
Rec(t='1494356523.29', event='restart', piece='c', move_nu='24', move='(3, 0, 2)', instance='Jam-16')|15|67095|577903|93963|1315
Rec(t='1494356523.67', event='start', piece='None', move_nu='0', move='None', instance='Jam-16')|22|751506|6083851|359790|1934
Rec(t='1494356536.88', event='commit_move', piece='m', move_nu='0', move='(4, 5, 2)', instance='Jam-16')|21|732399|6739753|187185|1925
Rec(t='1494356539.45', event='commit_move', piece='B', move_nu='1', move='(0, 4, 2)', instance='Jam-16')|21|1389677|11931737|754373|1978
Rec(t='1494356541.45', event='commit_move', piece='l', move_nu='2', move='(1, 4, 2)', instance='Jam-16')|20|1168608|10732054|303472|1979
Rec(t='1494356544.14', event='commit_move', piece='o', move_nu='3', move='(2, 3, 3)', instance='Jam-16')|19|793378|7102765|233786|1973
Rec(t='1494356546.03', event='commit_move', piece='r', move_nu='4', move='(0, 2, 2)', instance='Jam-16')|18|874930|7709843|288789|1963
Rec(t='1494356549.32', event='commit_move', piece='g', move_nu='5', move='(0, 1, 2)', instance='Jam-16')|17|488731|4602755|275647|1939
Rec(t='1494356551.39', event='commit_move', piece='M', move_nu='6', move='(4, 1, 2)', instance='Jam-16')|16|259055|2400378|133143|1937
Rec(t='1494356552.5', event='commit_move', piece='c', move_nu='7', move='(3, 0, 2)', instance='Jam-16')|15|194255|1836909|121630|1875
Rec(t='1494356554.6', event='commit_move', piece='o', move_nu='8', move='(2, 0, 3)', instance='Jam-16')|14|92691|814635|122827|1617
Rec(t='1494356556.78', event='commit_move', piece='w', move_nu='9', move='(0, 3, 3)', instance='Jam-16')|13|30831|269870|36350|1184
Rec(t='1494356744.69', event='commit_move', piece='w', move_nu='10', move='(2, 3, 3)', instance='Jam-16')|14|84198|721177|66872|1402
Rec(t='1494356748.13', event='commit_move', piece='B', move_nu='11', move='(0, 3, 2)', instance='Jam-16')|13|39693|336022|49454|1109
Rec(t='1494356750.0', event='commit_move', piece='l', move_nu='12', move='(1, 3, 2)', instance='Jam-16')|14|93231|800908|66555|1358
Rec(t='1494356753.17', event='commit_move', piece='m', move_nu='13', move='(0, 5, 2)', instance='Jam-16')|14|44626|385479|45685|1318
Rec(t='1494356755.95', event='commit_move', piece='w', move_nu='14', move='(3, 3, 3)', instance='Jam-16')|14|37046|333181|38884|1528
Rec(t='1494356758.45', event='commit_move', piece='o', move_nu='15', move='(2, 3, 3)', instance='Jam-16')|15|101158|1011213|105438|1632
Rec(t='1494356760.71', event='commit_move', piece='r', move_nu='16', move='(2, 2, 2)', instance='Jam-16')|16|130215|1312128|131953|1698
Rec(t='1494356762.76', event='commit_move', piece='g', move_nu='17', move='(2, 1, 2)', instance='Jam-16')|17|279613|2799016|124143|1861
Rec(t='1494356774.13', event='commit_move', piece='c', move_nu='18', move='(2, 0, 2)', instance='Jam-16')|18|426821|4153688|110649|1873
Rec(t='1494356776.53', event='commit_move', piece='M', move_nu='19', move='(4, 0, 2)', instance='Jam-16')|19|1278891|12543906|389742|1874
Rec(t='1494356779.82', event='commit_move', piece='r', move_nu='20', move='(0, 2, 2)', instance='Jam-16')|18|675325|6728107|279247|1856
Rec(t='1494356781.69', event='commit_move', piece='o', move_nu='21', move='(2, 2, 3)', instance='Jam-16')|18|1064797|9332721|460875|1871
Rec(t='1494356783.89', event='commit_move', piece='m', move_nu='22', move='(4, 5, 2)', instance='Jam-16')|0|2500001|21833977|793371|1792
Rec(t='1494356785.8', event='commit_move', piece='B', move_nu='23', move='(0, 4, 2)', instance='Jam-16')|0|2500001|21435326|1053149|1789
Rec(t='1494356787.82', event='commit_move', piece='l', move_nu='24', move='(1, 4, 2)', instance='Jam-16')|18|1492321|13814503|707712|1970
Rec(t='1494356790.95', event='commit_move', piece='o', move_nu='25', move='(2, 3, 3)', instance='Jam-16')|18|871687|7679295|288234|1958
Rec(t='1494356795.67', event='commit_move', piece='r', move_nu='26', move='(3, 2, 2)', instance='Jam-16')|19|788663|7054008|177846|1979
Rec(t='1494356798.16', event='commit_move', piece='g', move_nu='27', move='(0, 1, 2)', instance='Jam-16')|18|422030|3949865|61814|1960
Rec(t='1494356802.61', event='commit_move', piece='r', move_nu='28', move='(0, 2, 2)', instance='Jam-16')|17|485904|4577038|278246|1941
Rec(t='1494356804.48', event='commit_move', piece='M', move_nu='29', move='(4, 1, 2)', instance='Jam-16')|16|258255|2392571|134508|1940
Rec(t='1494356807.1', event='commit_move', piece='c', move_nu='30', move='(3, 0, 2)', instance='Jam-16')|15|196708|1859770|121877|1874
Rec(t='1494356809.63', event='commit_move', piece='o', move_nu='31', move='(2, 0, 3)', instance='Jam-16')|14|88608|785739|116680|1616
Rec(t='1494356813.27', event='commit_move', piece='w', move_nu='32', move='(0, 3, 3)', instance='Jam-16')|13|30813|268816|36635|1183
Rec(t='1494356815.14', event='commit_move', piece='m', move_nu='33', move='(2, 5, 2)', instance='Jam-16')|12|26209|214369|22072|968
Rec(t='1494356817.5', event='commit_move', piece='M', move_nu='34', move='(4, 4, 2)', instance='Jam-16')|11|21233|173719|13094|772
Rec(t='1494356819.99', event='commit_move', piece='w', move_nu='35', move='(3, 3, 3)', instance='Jam-16')|10|14755|116295|19954|696
Rec(t='1494356822.69', event='commit_move', piece='o', move_nu='36', move='(2, 2, 3)', instance='Jam-16')|10|15441|116349|16081|708
Rec(t='1494356824.67', event='commit_move', piece='b', move_nu='37', move='(1, 0, 2)', instance='Jam-16')|11|31184|228761|25722|739
Rec(t='1494356828.29', event='commit_move', piece='g', move_nu='38', move='(3, 1, 2)', instance='Jam-16')|11|30407|221307|27454|730
Rec(t='1494356833.34', event='commit_move', piece='o', move_nu='39', move='(2, 1, 3)', instance='Jam-16')|11|29136|212961|34652|663
Rec(t='1494356835.19', event='commit_move', piece='B', move_nu='40', move='(0, 3, 2)', instance='Jam-16')|10|14075|103241|25413|539
Rec(t='1494356836.73', event='commit_move', piece='l', move_nu='41', move='(1, 3, 2)', instance='Jam-16')|9|4947|38430|12522|366
Rec(t='1494356838.63', event='commit_move', piece='m', move_nu='42', move='(0, 5, 2)', instance='Jam-16')|8|1061|8732|3833|184
Rec(t='1494356841.43', event='commit_move', piece='b', move_nu='43', move='(0, 0, 2)', instance='Jam-16')|7|665|5274|2228|160
Rec(t='1494356843.37', event='commit_move', piece='o', move_nu='44', move='(2, 0, 3)', instance='Jam-16')|7|800|6075|1898|185
Rec(t='1494356845.5', event='commit_move', piece='w', move_nu='45', move='(2, 3, 3)', instance='Jam-16')|8|2274|17468|3685|231
Rec(t='1494356848.9', event='commit_move', piece='y', move_nu='46', move='(5, 3, 3)', instance='Jam-16')|9|6647|51781|7490|300
Rec(t='1494356854.01', event='commit_move', piece='y', move_nu='47', move='(5, 0, 3)', instance='Jam-16')|8|2537|19437|5569|247
Rec(t='1494356855.44', event='commit_move', piece='w', move_nu='48', move='(3, 3, 3)', instance='Jam-16')|7|1031|7786|2552|200
Rec(t='1494356857.44', event='commit_move', piece='o', move_nu='49', move='(2, 3, 3)', instance='Jam-16')|6|167|1495|886|104
Rec(t='1494356859.19', event='commit_move', piece='r', move_nu='50', move='(3, 2, 2)', instance='Jam-16')|5|67|737|521|43
Rec(t='1494356863.21', event='commit_move', piece='o', move_nu='51', move='(2, 0, 3)', instance='Jam-16')|4|27|290|207|21
Rec(t='1494356864.54', event='commit_move', piece='w', move_nu='52', move='(2, 3, 3)', instance='Jam-16')|3|17|192|147|17
Rec(t='1494356866.89', event='commit_move', piece='y', move_nu='53', move='(5, 3, 3)', instance='Jam-16')|2|5|63|53|5
Rec(t='1494356867.89', event='commit_move', piece='r', move_nu='54', move='(4, 2, 2)', instance='Jam-16')|2|0|0|0|0
Rec(t='1494355003.79', event='start', piece='None', move_nu='0', move='None', instance='Jam-1')|9|2760|31642|6579|308
Rec(t='1494355014.63', event='commit_move', piece='w', move_nu='0', move='(3, 0, 2)', instance='Jam-1')|8|847|9844|5808|113
Rec(t='1494355018.58', event='commit_move', piece='b', move_nu='1', move='(0, 0, 3)', instance='Jam-1')|7|419|4785|2857|87
Rec(t='1494355021.25', event='commit_move', piece='y', move_nu='2', move='(0, 3, 2)', instance='Jam-1')|6|190|2107|1298|63
Rec(t='1494355023.96', event='commit_move', piece='B', move_nu='3', move='(0, 5, 3)', instance='Jam-1')|5|62|645|418|39
Rec(t='1494355028.28', event='commit_move', piece='c', move_nu='4', move='(1, 4, 2)', instance='Jam-1')|4|28|303|208|20
Rec(t='1494355030.72', event='commit_move', piece='M', move_nu='5', move='(5, 3, 3)', instance='Jam-1')|3|10|113|85|10
Rec(t='1494355037.8', event='commit_move', piece='l', move_nu='6', move='(3, 3, 3)', instance='Jam-1')|2|4|41|34|4
Rec(t='1494355039.84', event='commit_move', piece='r', move_nu='7', move='(4, 2, 2)', instance='Jam-1')|2|0|0|0|0
Rec(t='1494355234.75', event='start', piece='None', move_nu='0', move='None', instance='Jam-6')|10|4775|49428|12194|418
Rec(t='1494355247.82', event='commit_move', piece='r', move_nu='0', move='(0, 2, 2)', instance='Jam-6')|9|1515|15893|8108|279
Rec(t='1494355249.74', event='commit_move', piece='g', move_nu='1', move='(2, 0, 2)', instance='Jam-6')|8|382|4097|2445|96
Rec(t='1494355251.84', event='commit_move', piece='B', move_nu='2', move='(1, 3, 2)', instance='Jam-6')|7|263|2826|1663|80
Rec(t='1494355253.09', event='commit_move', piece='l', move_nu='3', move='(0, 3, 2)', instance='Jam-6')|6|180|1962|1179|57
Rec(t='1494355255.21', event='commit_move', piece='m', move_nu='4', move='(0, 5, 3)', instance='Jam-6')|5|130|1414|848|46
Rec(t='1494355257.16', event='commit_move', piece='w', move_nu='5', move='(3, 3, 3)', instance='Jam-6')|4|33|358|242|22
Rec(t='1494355259.43', event='commit_move', piece='y', move_nu='6', move='(4, 3, 3)', instance='Jam-6')|3|14|155|108|11
Rec(t='1494355261.12', event='commit_move', piece='o', move_nu='7', move='(5, 3, 3)', instance='Jam-6')|2|2|26|24|2
Rec(t='1494355263.42', event='commit_move', piece='r', move_nu='8', move='(4, 2, 2)', instance='Jam-6')|2|0|0|0|0
Rec(t='1494355264.5', event='start', piece='None', move_nu='0', move='None', instance='Jam-7')|14|299002|3222460|83224|2795
Rec(t='1494355285.69', event='commit_move', piece='l', move_nu='0', move='(5, 4, 2)', instance='Jam-7')|13|248248|2640611|201465|2561
Rec(t='1494355287.54', event='commit_move', piece='B', move_nu='1', move='(5, 2, 2)', instance='Jam-7')|12|175214|1862661|222981|2143
Rec(t='1494355289.76', event='commit_move', piece='c', move_nu='2', move='(4, 4, 2)', instance='Jam-7')|11|122817|1327631|295957|1801
Rec(t='1494355291.4', event='commit_move', piece='y', move_nu='3', move='(4, 0, 2)', instance='Jam-7')|10|45744|498523|139095|1527
Rec(t='1494355293.08', event='commit_move', piece='M', move_nu='4', move='(3, 0, 2)', instance='Jam-7')|9|16640|180816|55579|1076
Rec(t='1494355295.12', event='commit_move', piece='g', move_nu='5', move='(0, 3, 2)', instance='Jam-7')|10|52112|570998|94419|1605
Rec(t='1494355301.27', event='commit_move', piece='r', move_nu='6', move='(3, 2, 2)', instance='Jam-7')|9|16565|177975|52190|1111
Rec(t='1494355321.38', event='commit_move', piece='g', move_nu='7', move='(3, 3, 2)', instance='Jam-7')|8|5384|60363|19465|635
Rec(t='1494355323.55', event='commit_move', piece='b', move_nu='8', move='(1, 4, 2)', instance='Jam-7')|7|2321|28597|11868|404
Rec(t='1494355325.6', event='commit_move', piece='r', move_nu='9', move='(0, 2, 2)', instance='Jam-7')|6|566|7072|3735|195
Rec(t='1494355329.68', event='commit_move', piece='g', move_nu='10', move='(0, 3, 2)', instance='Jam-7')|6|799|10667|6077|245
Rec(t='1494355331.28', event='commit_move', piece='M', move_nu='11', move='(3, 2, 2)', instance='Jam-7')|5|150|2375|1734|85
Rec(t='1494355333.63', event='commit_move', piece='y', move_nu='12', move='(0, 0, 2)', instance='Jam-7')|4|68|1157|909|40
Rec(t='1494355336.3', event='commit_move', piece='M', move_nu='13', move='(3, 0, 2)', instance='Jam-7')|3|24|406|334|23
Rec(t='1494355337.84', event='commit_move', piece='B', move_nu='14', move='(5, 0, 2)', instance='Jam-7')|2|12|223|191|12
Rec(t='1494355339.7', event='commit_move', piece='r', move_nu='15', move='(4, 2, 2)', instance='Jam-7')|2|0|0|0|0
Rec(t='1494355178.09', event='start', piece='None', move_nu='0', move='None', instance='Jam-4')|10|169|1314|342|65
Rec(t='1494355184.49', event='commit_move', piece='l', move_nu='0', move='(0, 3, 3)', instance='Jam-4')|9|146|1160|553|63
Rec(t='1494355186.16', event='commit_move', piece='r', move_nu='1', move='(0, 2, 2)', instance='Jam-4')|8|127|1088|590|64
Rec(t='1494355188.56', event='commit_move', piece='b', move_nu='2', move='(2, 0, 2)', instance='Jam-4')|7|81|766|474|46
Rec(t='1494355190.42', event='commit_move', piece='r', move_nu='3', move='(1, 2, 2)', instance='Jam-4')|6|48|480|309|29
Rec(t='1494355192.35', event='commit_move', piece='l', move_nu='4', move='(0, 0, 3)', instance='Jam-4')|5|35|366|244|21
Rec(t='1494355195.23', event='commit_move', piece='w', move_nu='5', move='(0, 3, 3)', instance='Jam-4')|4|23|234|161|16
Rec(t='1494355197.37', event='commit_move', piece='c', move_nu='6', move='(0, 5, 3)', instance='Jam-4')|3|6|65|51|6
Rec(t='1494355199.3', event='commit_move', piece='y', move_nu='7', move='(3, 3, 3)', instance='Jam-4')|2|4|35|28|4
Rec(t='1494355201.47', event='commit_move', piece='r', move_nu='8', move='(4, 2, 2)', instance='Jam-4')|2|0|0|0|0
Rec(t='1494355204.05', event='start', piece='None', move_nu='0', move='None', instance='Jam-5')|10|11387|142498|33601|255
Rec(t='1494355208.86', event='commit_move', piece='g', move_nu='0', move='(1, 4, 2)', instance='Jam-5')|9|3108|39249|20164|169
Rec(t='1494355211.19', event='commit_move', piece='l', move_nu='1', move='(1, 5, 2)', instance='Jam-5')|8|731|9402|5102|87
Rec(t='1494355221.41', event='commit_move', piece='w', move_nu='2', move='(4, 3, 3)', instance='Jam-5')|7|73|876|570|27
Rec(t='1494355222.93', event='commit_move', piece='b', move_nu='3', move='(1, 0, 2)', instance='Jam-5')|6|61|731|481|28
Rec(t='1494355225.85', event='commit_move', piece='o', move_nu='4', move='(0, 0, 3)', instance='Jam-5')|5|41|505|343|24
Rec(t='1494355227.18', event='commit_move', piece='M', move_nu='5', move='(0, 3, 3)', instance='Jam-5')|4|39|462|305|24
Rec(t='1494355229.42', event='commit_move', piece='y', move_nu='6', move='(3, 3, 3)', instance='Jam-5')|3|10|113|88|10
Rec(t='1494355231.35', event='commit_move', piece='m', move_nu='7', move='(5, 4, 2)', instance='Jam-5')|2|4|54|48|4
Rec(t='1494355233.68', event='commit_move', piece='r', move_nu='8', move='(4, 2, 2)', instance='Jam-5')|2|0|0|0|0
Rec(t='1494356225.61', event='start', piece='None', move_nu='0', move='None', instance='Jam-14')|17|5361|59086|2550|5361
Rec(t='1494356259.14', event='commit_move', piece='B', move_nu='0', move='(0, 1, 2)', instance='Jam-14')|16|4379|47232|2263|4379
Rec(t='1494356260.09', event='commit_move', piece='g', move_nu='1', move='(1, 1, 2)', instance='Jam-14')|15|3795|40725|2038|3795
Rec(t='1494356261.53', event='commit_move', piece='p', move_nu='2', move='(0, 3, 2)', instance='Jam-14')|14|2917|31137|1615|2917
Rec(t='1494356262.84', event='commit_move', piece='o', move_nu='3', move='(2, 3, 2)', instance='Jam-14')|13|2634|28154|1303|2634
Rec(t='1494356266.51', event='commit_move', piece='y', move_nu='4', move='(4, 5, 2)', instance='Jam-14')|12|2249|23576|1123|2249
Rec(t='1494356271.05', event='commit_move', piece='o', move_nu='5', move='(2, 4, 2)', instance='Jam-14')|11|2178|22954|1121|2178
Rec(t='1494356273.17', event='commit_move', piece='p', move_nu='6', move='(2, 3, 2)', instance='Jam-14')|10|2099|22436|1192|2099
Rec(t='1494356274.68', event='commit_move', piece='B', move_nu='7', move='(0, 4, 2)', instance='Jam-14')|9|1796|19435|1194|1796
Rec(t='1494356276.18', event='commit_move', piece='g', move_nu='8', move='(1, 4, 2)', instance='Jam-14')|8|1569|17318|1266|1569
Rec(t='1494356278.52', event='commit_move', piece='r', move_nu='9', move='(0, 2, 2)', instance='Jam-14')|7|1085|12263|1420|1085
Rec(t='1494356280.18', event='commit_move', piece='p', move_nu='10', move='(0, 3, 2)', instance='Jam-14')|6|631|7230|1097|631
Rec(t='1494356283.04', event='commit_move', piece='c', move_nu='11', move='(2, 2, 2)', instance='Jam-14')|5|366|4644|799|366
Rec(t='1494356284.89', event='commit_move', piece='M', move_nu='12', move='(0, 1, 2)', instance='Jam-14')|4|191|2537|600|191
Rec(t='1494356286.49', event='commit_move', piece='l', move_nu='13', move='(4, 0, 2)', instance='Jam-14')|3|99|1283|441|99
Rec(t='1494356287.84', event='commit_move', piece='m', move_nu='14', move='(5, 0, 2)', instance='Jam-14')|2|24|321|164|24
Rec(t='1494356289.61', event='commit_move', piece='c', move_nu='15', move='(2, 0, 2)', instance='Jam-14')|2|1|18|18|1
Rec(t='1494356291.02', event='commit_move', piece='r', move_nu='16', move='(4, 2, 2)', instance='Jam-14')|0|0|0|0|0
Rec(t='1494355340.76', event='start', piece='None', move_nu='0', move='None', instance='Jam-8')|12|357|2719|206|357
Rec(t='1494355349.97', event='commit_move', piece='c', move_nu='0', move='(0, 1, 2)', instance='Jam-8')|11|337|2593|339|337
Rec(t='1494355351.91', event='commit_move', piece='b', move_nu='1', move='(0, 0, 2)', instance='Jam-8')|10|272|2155|301|272
Rec(t='1494355356.05', event='commit_move', piece='B', move_nu='2', move='(2, 0, 2)', instance='Jam-8')|9|222|1761|247|222
Rec(t='1494355357.51', event='commit_move', piece='g', move_nu='3', move='(3, 0, 2)', instance='Jam-8')|8|170|1371|235|170
Rec(t='1494355370.37', event='commit_move', piece='M', move_nu='4', move='(4, 0, 2)', instance='Jam-8')|7|107|868|198|107
Rec(t='1494355373.05', event='commit_move', piece='r', move_nu='5', move='(3, 2, 2)', instance='Jam-8')|6|38|288|113|38
Rec(t='1494355375.75', event='commit_move', piece='t', move_nu='6', move='(2, 2, 2)', instance='Jam-8')|5|15|79|23|15
Rec(t='1494355377.24', event='commit_move', piece='m', move_nu='7', move='(3, 3, 2)', instance='Jam-8')|4|11|60|20|11
Rec(t='1494355378.56', event='commit_move', piece='o', move_nu='8', move='(2, 4, 3)', instance='Jam-8')|3|7|34|10|7
Rec(t='1494355379.86', event='commit_move', piece='w', move_nu='9', move='(2, 5, 3)', instance='Jam-8')|2|4|19|7|4
Rec(t='1494355382.01', event='commit_move', piece='y', move_nu='10', move='(5, 3, 3)', instance='Jam-8')|2|1|4|4|1
Rec(t='1494355383.24', event='commit_move', piece='r', move_nu='11', move='(4, 2, 2)', instance='Jam-8')|0|0|0|0|0
Rec(t='1494355384.38', event='start', piece='None', move_nu='0', move='None', instance='Jam-9')|12|270|2187|265|270
Rec(t='1494355403.37', event='commit_move', piece='r', move_nu='0', move='(1, 2, 2)', instance='Jam-9')|11|278|2257|275|278
Rec(t='1494355405.52', event='commit_move', piece='o', move_nu='1', move='(0, 0, 3)', instance='Jam-9')|10|273|2210|275|273
Rec(t='1494355407.09', event='commit_move', piece='w', move_nu='2', move='(0, 3, 3)', instance='Jam-9')|9|267|2175|275|267
Rec(t='1494355409.32', event='commit_move', piece='B', move_nu='3', move='(3, 4, 2)', instance='Jam-9')|8|215|1820|281|215
Rec(t='1494355412.04', event='commit_move', piece='y', move_nu='4', move='(4, 3, 3)', instance='Jam-9')|7|137|1199|283|137
Rec(t='1494355414.14', event='commit_move', piece='g', move_nu='5', move='(2, 1, 2)', instance='Jam-9')|6|65|598|208|65
Rec(t='1494355417.46', event='commit_move', piece='l', move_nu='6', move='(5, 1, 2)', instance='Jam-9')|6|75|680|146|75
Rec(t='1494355419.01', event='commit_move', piece='w', move_nu='7', move='(1, 3, 3)', instance='Jam-9')|6|122|1281|254|122
Rec(t='1494355421.66', event='commit_move', piece='o', move_nu='8', move='(0, 3, 3)', instance='Jam-9')|6|138|1465|250|138
Rec(t='1494355423.06', event='commit_move', piece='r', move_nu='9', move='(3, 2, 2)', instance='Jam-9')|5|58|580|168|58
Rec(t='1494355424.43', event='commit_move', piece='b', move_nu='10', move='(1, 1, 2)', instance='Jam-9')|4|48|482|142|48
Rec(t='1494355426.38', event='commit_move', piece='c', move_nu='11', move='(0, 0, 2)', instance='Jam-9')|3|29|292|107|29
Rec(t='1494355427.98', event='commit_move', piece='M', move_nu='12', move='(2, 0, 2)', instance='Jam-9')|2|10|94|44|10
Rec(t='1494355429.3', event='commit_move', piece='l', move_nu='13', move='(5, 0, 2)', instance='Jam-9')|2|2|23|20|2
Rec(t='1494355430.53', event='commit_move', piece='r', move_nu='14', move='(4, 2, 2)', instance='Jam-9')|0|0|0|0|0
Rec(t='1494355431.55', event='start', piece='None', move_nu='0', move='None', instance='Jam-10')|17|1360|11770|201|1360
Rec(t='1494355452.99', event='commit_move', piece='M', move_nu='0', move='(3, 0, 2)', instance='Jam-10')|16|1360|11769|222|1360
Rec(t='1494355454.6', event='commit_move', piece='y', move_nu='1', move='(5, 0, 3)', instance='Jam-10')|15|1358|11755|220|1358
Rec(t='1494355456.28', event='commit_move', piece='w', move_nu='2', move='(3, 3, 3)', instance='Jam-10')|14|1363|11797|231|1363
Rec(t='1494355457.98', event='commit_move', piece='r', move_nu='3', move='(3, 2, 2)', instance='Jam-10')|13|1336|11624|234|1336
Rec(t='1494355459.93', event='commit_move', piece='c', move_nu='4', move='(2, 4, 2)', instance='Jam-10')|12|1264|11042|302|1264
Rec(t='1494355461.52', event='commit_move', piece='b', move_nu='5', move='(1, 0, 2)', instance='Jam-10')|11|966|8549|428|966
Rec(t='1494355462.93', event='commit_move', piece='B', move_nu='6', move='(1, 1, 2)', instance='Jam-10')|10|673|6124|498|673
Rec(t='1494355464.75', event='commit_move', piece='o', move_nu='7', move='(0, 0, 3)', instance='Jam-10')|9|405|3601|470|405
Rec(t='1494355471.3', event='commit_move', piece='w', move_nu='8', move='(0, 3, 3)', instance='Jam-10')|8|266|2313|348|266
Rec(t='1494355475.0', event='commit_move', piece='r', move_nu='9', move='(1, 2, 2)', instance='Jam-10')|7|184|1567|255|184
Rec(t='1494355476.92', event='commit_move', piece='g', move_nu='10', move='(3, 1, 2)', instance='Jam-10')|6|90|740|167|90
Rec(t='1494355478.04', event='commit_move', piece='l', move_nu='11', move='(3, 4, 2)', instance='Jam-10')|5|37|317|112|37
Rec(t='1494355481.09', event='commit_move', piece='p', move_nu='12', move='(3, 5, 2)', instance='Jam-10')|4|22|190|77|22
Rec(t='1494355483.17', event='commit_move', piece='y', move_nu='13', move='(5, 3, 3)', instance='Jam-10')|3|9|75|45|9
Rec(t='1494355484.94', event='commit_move', piece='M', move_nu='14', move='(4, 0, 2)', instance='Jam-10')|2|6|51|33|6
Rec(t='1494355486.58', event='commit_move', piece='g', move_nu='15', move='(3, 0, 2)', instance='Jam-10')|2|1|9|9|1
Rec(t='1494355489.06', event='commit_move', piece='r', move_nu='16', move='(4, 2, 2)', instance='Jam-10')|0|0|0|0|0
Rec(t='1494355957.54', event='start', piece='None', move_nu='0', move='None', instance='Jam-13')|16|2355|20007|779|2355
Rec(t='1494355975.25', event='commit_move', piece='g', move_nu='0', move='(1, 1, 2)', instance='Jam-13')|16|2380|20146|757|2380
Rec(t='1494355977.05', event='commit_move', piece='l', move_nu='1', move='(1, 3, 2)', instance='Jam-13')|16|2108|18055|812|2108
Rec(t='1494355980.16', event='commit_move', piece='m', move_nu='2', move='(3, 3, 2)', instance='Jam-13')|17|2105|18021|5|2105
Rec(t='1494355987.88', event='commit_move', piece='t', move_nu='3', move='(3, 5, 2)', instance='Jam-13')|18|2105|18021|5|2105
Rec(t='1494355989.34', event='commit_move', piece='y', move_nu='4', move='(5, 0, 3)', instance='Jam-13')|17|1696|14800|1079|1696
Rec(t='1494355996.0', event='commit_move', piece='t', move_nu='5', move='(4, 5, 2)', instance='Jam-13')|16|1697|14811|1083|1697
Rec(t='1494355997.13', event='commit_move', piece='m', move_nu='6', move='(3, 4, 2)', instance='Jam-13')|15|1699|14834|1087|1699
Rec(t='1494355998.71', event='commit_move', piece='l', move_nu='7', move='(3, 3, 2)', instance='Jam-13')|15|1963|16910|793|1963
Rec(t='1494356000.13', event='commit_move', piece='g', move_nu='8', move='(1, 3, 2)', instance='Jam-13')|14|1690|14682|1106|1690
Rec(t='1494356001.48', event='commit_move', piece='B', move_nu='9', move='(2, 3, 2)', instance='Jam-13')|13|1549|13493|1042|1549
Rec(t='1494356003.28', event='commit_move', piece='r', move_nu='10', move='(0, 2, 2)', instance='Jam-13')|12|1219|10621|994|1219
Rec(t='1494356005.82', event='commit_move', piece='l', move_nu='11', move='(4, 3, 2)', instance='Jam-13')|11|947|8424|911|947
Rec(t='1494356007.65', event='commit_move', piece='m', move_nu='12', move='(3, 1, 2)', instance='Jam-13')|10|547|5031|785|547
Rec(t='1494356009.8', event='commit_move', piece='l', move_nu='13', move='(3, 3, 2)', instance='Jam-13')|10|466|4366|570|466
Rec(t='1494356011.79', event='commit_move', piece='w', move_nu='14', move='(3, 4, 2)', instance='Jam-13')|10|494|4760|601|494
Rec(t='1494356013.07', event='commit_move', piece='t', move_nu='15', move='(3, 5, 2)', instance='Jam-13')|9|303|2855|537|303
Rec(t='1494356014.8', event='commit_move', piece='y', move_nu='16', move='(5, 3, 3)', instance='Jam-13')|8|141|1265|376|141
Rec(t='1494356016.16', event='commit_move', piece='M', move_nu='17', move='(4, 1, 2)', instance='Jam-13')|7|90|823|307|90
Rec(t='1494356017.91', event='commit_move', piece='c', move_nu='18', move='(4, 0, 2)', instance='Jam-13')|6|63|585|243|63
Rec(t='1494356019.44', event='commit_move', piece='m', move_nu='19', move='(3, 0, 2)', instance='Jam-13')|5|36|322|153|36
Rec(t='1494356024.01', event='commit_move', piece='r', move_nu='20', move='(2, 2, 2)', instance='Jam-13')|6|61|535|4|61
Rec(t='1494356026.56', event='commit_move', piece='o', move_nu='21', move='(0, 2, 3)', instance='Jam-13')|7|133|1182|5|133
Rec(t='1494356028.46', event='commit_move', piece='g', move_nu='22', move='(1, 2, 2)', instance='Jam-13')|8|234|2113|2|234
Rec(t='1494356030.2', event='commit_move', piece='p', move_nu='23', move='(0, 5, 2)', instance='Jam-13')|9|489|4553|4|489
Rec(t='1494356031.81', event='commit_move', piece='t', move_nu='24', move='(2, 5, 2)', instance='Jam-13')|10|603|5614|4|603
Rec(t='1494356038.9', event='commit_move', piece='y', move_nu='25', move='(5, 1, 3)', instance='Jam-13')|11|1048|9852|5|1048
Rec(t='1494356040.77', event='commit_move', piece='g', move_nu='26', move='(1, 3, 2)', instance='Jam-13')|10|907|8660|684|907
Rec(t='1494356044.2', event='restart', piece='r', move_nu='27', move='(2, 2, 2)', instance='Jam-13')|10|907|8660|475|907
Rec(t='1494356044.58', event='start', piece='None', move_nu='0', move='None', instance='Jam-13')|16|2352|19973|771|2352
Rec(t='1494356049.31', event='commit_move', piece='g', move_nu='0', move='(1, 3, 2)', instance='Jam-13')|15|2106|17980|1082|2106
Rec(t='1494356050.79', event='commit_move', piece='B', move_nu='1', move='(2, 3, 2)', instance='Jam-13')|14|1948|16690|1116|1948
Rec(t='1494356052.51', event='commit_move', piece='r', move_nu='2', move='(0, 2, 2)', instance='Jam-13')|13|1543|13222|1007|1543
Rec(t='1494356054.94', event='commit_move', piece='B', move_nu='3', move='(2, 1, 2)', instance='Jam-13')|12|795|6682|861|795
Rec(t='1494356064.26', event='commit_move', piece='M', move_nu='4', move='(4, 1, 2)', instance='Jam-13')|12|923|7941|757|923
Rec(t='1494356066.05', event='commit_move', piece='c', move_nu='5', move='(4, 0, 2)', instance='Jam-13')|13|1349|11568|5|1349
Rec(t='1494356067.82', event='commit_move', piece='B', move_nu='6', move='(2, 0, 2)', instance='Jam-13')|12|725|5880|748|725
Rec(t='1494356076.34', event='restart', piece='l', move_nu='7', move='(2, 3, 2)', instance='Jam-13')|12|728|5910|592|728
Rec(t='1494356076.72', event='start', piece='None', move_nu='0', move='None', instance='Jam-13')|16|2354|19996|778|2354
Rec(t='1494356102.5', event='commit_move', piece='o', move_nu='0', move='(0, 2, 3)', instance='Jam-13')|17|2858|24249|3|2858
Rec(t='1494356103.98', event='commit_move', piece='p', move_nu='1', move='(0, 5, 2)', instance='Jam-13')|18|3660|31317|2|3660
Rec(t='1494356105.97', event='commit_move', piece='B', move_nu='2', move='(2, 4, 2)', instance='Jam-13')|18|3996|34214|979|3996
Rec(t='1494356112.8', event='commit_move', piece='g', move_nu='3', move='(1, 1, 2)', instance='Jam-13')|18|4002|34261|982|4002
Rec(t='1494356114.3', event='commit_move', piece='l', move_nu='4', move='(1, 3, 2)', instance='Jam-13')|18|3893|33385|970|3893
Rec(t='1494356116.39', event='commit_move', piece='r', move_nu='5', move='(2, 2, 2)', instance='Jam-13')|18|3973|34015|970|3973
Rec(t='1494356119.07', event='commit_move', piece='M', move_nu='6', move='(4, 2, 2)', instance='Jam-13')|19|4798|41677|1|4798
Rec(t='1494356120.56', event='commit_move', piece='c', move_nu='7', move='(4, 0, 2)', instance='Jam-13')|19|4296|36785|1021|4296
Rec(t='1494356122.69', event='commit_move', piece='b', move_nu='8', move='(2, 0, 2)', instance='Jam-13')|20|4682|40238|4|4682
Rec(t='1494356124.09', event='commit_move', piece='g', move_nu='9', move='(1, 0, 2)', instance='Jam-13')|21|4745|40697|4|4745
Rec(t='1494356125.44', event='commit_move', piece='r', move_nu='10', move='(1, 2, 2)', instance='Jam-13')|22|4745|40697|4|4745
Rec(t='1494356127.68', event='commit_move', piece='m', move_nu='11', move='(3, 1, 2)', instance='Jam-13')|23|4748|40731|1|4748
Rec(t='1494356129.44', event='commit_move', piece='w', move_nu='12', move='(3, 4, 2)', instance='Jam-13')|24|4747|40720|2|4747
Rec(t='1494356130.93', event='commit_move', piece='t', move_nu='13', move='(3, 5, 2)', instance='Jam-13')|25|4747|40720|2|4747
Rec(t='1494356132.28', event='commit_move', piece='M', move_nu='14', move='(4, 1, 2)', instance='Jam-13')|24|4669|40053|1251|4669
Rec(t='1494356135.43', event='commit_move', piece='y', move_nu='15', move='(5, 3, 3)', instance='Jam-13')|25|4671|40075|1|4671
Rec(t='1494356139.08', event='commit_move', piece='l', move_nu='16', move='(3, 3, 2)', instance='Jam-13')|26|4668|40041|4|4668
Rec(t='1494356150.74', event='commit_move', piece='l', move_nu='17', move='(1, 3, 2)', instance='Jam-13')|25|4668|40041|1248|4668
Rec(t='1494356156.24', event='restart', piece='None', move_nu='18', move='None', instance='Jam-13')|25|4668|40041|906|4668
Rec(t='1494356156.62', event='start', piece='None', move_nu='0', move='None', instance='Jam-13')|16|2355|20007|779|2355
Rec(t='1494356173.9', event='commit_move', piece='g', move_nu='0', move='(1, 3, 2)', instance='Jam-13')|15|2108|18003|1089|2108
Rec(t='1494356175.42', event='commit_move', piece='B', move_nu='1', move='(2, 3, 2)', instance='Jam-13')|14|1945|16661|1113|1945
Rec(t='1494356177.35', event='commit_move', piece='r', move_nu='2', move='(0, 2, 2)', instance='Jam-13')|13|1541|13199|1003|1541
Rec(t='1494356180.44', event='commit_move', piece='M', move_nu='3', move='(4, 1, 2)', instance='Jam-13')|13|1934|16767|1023|1934
Rec(t='1494356182.07', event='commit_move', piece='c', move_nu='4', move='(4, 0, 2)', instance='Jam-13')|13|1656|13987|945|1656
Rec(t='1494356184.39', event='commit_move', piece='B', move_nu='5', move='(2, 0, 2)', instance='Jam-13')|12|727|5899|751|727
Rec(t='1494356186.34', event='commit_move', piece='c', move_nu='6', move='(3, 0, 2)', instance='Jam-13')|11|534|4302|609|534
Rec(t='1494356191.57', event='commit_move', piece='l', move_nu='7', move='(2, 3, 2)', instance='Jam-13')|11|486|3889|382|486
Rec(t='1494356192.71', event='commit_move', piece='M', move_nu='8', move='(4, 2, 2)', instance='Jam-13')|12|518|4103|4|518
Rec(t='1494356196.13', event='commit_move', piece='c', move_nu='9', move='(4, 0, 2)', instance='Jam-13')|13|632|5073|3|632
Rec(t='1494356201.08', event='commit_move', piece='c', move_nu='10', move='(3, 0, 2)', instance='Jam-13')|12|520|4122|477|520
Rec(t='1494356203.07', event='commit_move', piece='y', move_nu='11', move='(5, 0, 3)', instance='Jam-13')|11|414|3365|518|414
Rec(t='1494356204.95', event='commit_move', piece='M', move_nu='12', move='(4, 1, 2)', instance='Jam-13')|10|346|2887|528|346
Rec(t='1494356206.83', event='commit_move', piece='l', move_nu='13', move='(4, 3, 2)', instance='Jam-13')|9|212|1905|497|212
Rec(t='1494356208.65', event='commit_move', piece='m', move_nu='14', move='(3, 1, 2)', instance='Jam-13')|8|117|1161|361|117
Rec(t='1494356210.83', event='commit_move', piece='t', move_nu='15', move='(3, 5, 2)', instance='Jam-13')|7|71|690|227|71
Rec(t='1494356212.89', event='commit_move', piece='w', move_nu='16', move='(2, 4, 2)', instance='Jam-13')|6|49|492|179|49
Rec(t='1494356214.57', event='commit_move', piece='l', move_nu='17', move='(2, 3, 2)', instance='Jam-13')|5|40|407|156|40
Rec(t='1494356216.46', event='commit_move', piece='y', move_nu='18', move='(5, 3, 3)', instance='Jam-13')|4|23|227|118|23
Rec(t='1494356217.97', event='commit_move', piece='c', move_nu='19', move='(4, 0, 2)', instance='Jam-13')|3|15|153|84|15
Rec(t='1494356219.57', event='commit_move', piece='m', move_nu='20', move='(3, 0, 2)', instance='Jam-13')|2|8|79|48|8
Rec(t='1494356220.87', event='commit_move', piece='M', move_nu='21', move='(4, 2, 2)', instance='Jam-13')|2|9|87|27|9
Rec(t='1494356222.41', event='commit_move', piece='M', move_nu='22', move='(4, 3, 2)', instance='Jam-13')|2|3|33|23|3
Rec(t='1494356224.49', event='commit_move', piece='r', move_nu='23', move='(4, 2, 2)', instance='Jam-13')|0|0|0|0|0
Rec(t='1494355816.77', event='start', piece='None', move_nu='0', move='None', instance='Jam-12')|17|1158|10734|128|1158
Rec(t='1494355821.94', event='commit_move', piece='y', move_nu='0', move='(3, 0, 2)', instance='Jam-12')|16|1158|10734|154|1158
Rec(t='1494355823.89', event='commit_move', piece='M', move_nu='1', move='(2, 0, 3)', instance='Jam-12')|15|1160|10746|152|1160
Rec(t='1494355825.36', event='commit_move', piece='w', move_nu='2', move='(0, 3, 3)', instance='Jam-12')|14|1158|10734|154|1158
Rec(t='1494355827.88', event='commit_move', piece='B', move_nu='3', move='(5, 3, 3)', instance='Jam-12')|15|1158|10734|33|1158
Rec(t='1494355829.83', event='commit_move', piece='y', move_nu='4', move='(4, 0, 2)', instance='Jam-12')|16|1158|10734|33|1158
Rec(t='1494355835.85', event='commit_move', piece='c', move_nu='5', move='(4, 1, 2)', instance='Jam-12')|15|1158|10734|154|1158
Rec(t='1494355844.35', event='commit_move', piece='y', move_nu='6', move='(3, 0, 2)', instance='Jam-12')|14|1158|10734|154|1158
Rec(t='1494355846.17', event='commit_move', piece='B', move_nu='7', move='(5, 0, 3)', instance='Jam-12')|13|1158|10734|154|1158
Rec(t='1494355848.14', event='commit_move', piece='l', move_nu='8', move='(3, 5, 3)', instance='Jam-12')|12|1160|10744|152|1160
Rec(t='1494355849.69', event='commit_move', piece='w', move_nu='9', move='(3, 3, 3)', instance='Jam-12')|11|1158|10734|154|1158
Rec(t='1494355851.29', event='commit_move', piece='M', move_nu='10', move='(2, 3, 3)', instance='Jam-12')|10|1151|10707|161|1151
Rec(t='1494355852.84', event='commit_move', piece='r', move_nu='11', move='(2, 2, 2)', instance='Jam-12')|9|1055|9852|237|1055
Rec(t='1494355854.54', event='commit_move', piece='b', move_nu='12', move='(0, 4, 2)', instance='Jam-12')|8|658|6218|465|658
Rec(t='1494355856.29', event='commit_move', piece='r', move_nu='13', move='(0, 2, 2)', instance='Jam-12')|8|755|7006|283|755
Rec(t='1494355865.11', event='commit_move', piece='M', move_nu='14', move='(2, 0, 3)', instance='Jam-12')|9|805|7382|37|805
Rec(t='1494355867.92', event='commit_move', piece='b', move_nu='15', move='(0, 3, 2)', instance='Jam-12')|9|808|7422|255|808
Rec(t='1494355869.71', event='commit_move', piece='w', move_nu='16', move='(1, 3, 3)', instance='Jam-12')|10|823|7495|37|823
Rec(t='1494355871.65', event='commit_move', piece='l', move_nu='17', move='(0, 5, 3)', instance='Jam-12')|11|831|7575|37|831
Rec(t='1494355873.65', event='commit_move', piece='c', move_nu='18', move='(4, 4, 2)', instance='Jam-12')|12|835|7613|35|835
Rec(t='1494355875.3', event='commit_move', piece='w', move_nu='19', move='(3, 3, 3)', instance='Jam-12')|13|835|7609|37|835
Rec(t='1494355878.29', event='commit_move', piece='M', move_nu='20', move='(2, 2, 3)', instance='Jam-12')|13|779|7086|136|779
Rec(t='1494355880.04', event='commit_move', piece='y', move_nu='21', move='(0, 0, 2)', instance='Jam-12')|12|749|6821|188|749
Rec(t='1494355881.85', event='commit_move', piece='M', move_nu='22', move='(2, 0, 3)', instance='Jam-12')|11|710|6498|220|710
Rec(t='1494355883.64', event='commit_move', piece='w', move_nu='23', move='(1, 3, 3)', instance='Jam-12')|10|611|5594|276|611
Rec(t='1494355886.01', event='commit_move', piece='c', move_nu='24', move='(4, 0, 2)', instance='Jam-12')|9|483|4448|275|483
Rec(t='1494355887.82', event='commit_move', piece='B', move_nu='25', move='(5, 3, 3)', instance='Jam-12')|10|483|4442|31|483
Rec(t='1494355890.23', event='commit_move', piece='l', move_nu='26', move='(1, 5, 3)', instance='Jam-12')|10|503|4630|217|503
Rec(t='1494355892.14', event='commit_move', piece='b', move_nu='27', move='(0, 4, 2)', instance='Jam-12')|10|504|4635|212|504
Rec(t='1494355899.15', event='commit_move', piece='B', move_nu='28', move='(5, 2, 3)', instance='Jam-12')|10|504|4632|212|504
Rec(t='1494355900.41', event='commit_move', piece='l', move_nu='29', move='(2, 5, 3)', instance='Jam-12')|10|482|4453|227|482
Rec(t='1494355902.01', event='commit_move', piece='l', move_nu='30', move='(3, 5, 3)', instance='Jam-12')|9|388|3647|233|388
Rec(t='1494355905.88', event='commit_move', piece='B', move_nu='31', move='(5, 0, 3)', instance='Jam-12')|8|393|3689|237|393
Rec(t='1494355912.51', event='commit_move', piece='b', move_nu='32', move='(0, 3, 2)', instance='Jam-12')|8|403|3798|172|403
Rec(t='1494355945.52', event='commit_move', piece='w', move_nu='33', move='(3, 3, 3)', instance='Jam-12')|7|398|3803|209|398
Rec(t='1494355946.96', event='commit_move', piece='M', move_nu='34', move='(2, 3, 3)', instance='Jam-12')|6|241|2360|317|241
Rec(t='1494355948.67', event='commit_move', piece='r', move_nu='35', move='(3, 2, 2)', instance='Jam-12')|5|125|1248|217|125
Rec(t='1494355950.49', event='commit_move', piece='M', move_nu='36', move='(2, 0, 3)', instance='Jam-12')|4|82|816|119|82
Rec(t='1494355952.04', event='commit_move', piece='w', move_nu='37', move='(1, 3, 3)', instance='Jam-12')|3|30|309|77|30
Rec(t='1494355953.61', event='commit_move', piece='l', move_nu='38', move='(1, 5, 3)', instance='Jam-12')|2|16|167|56|16
Rec(t='1494355955.36', event='commit_move', piece='B', move_nu='39', move='(5, 3, 3)', instance='Jam-12')|2|4|39|29|4
Rec(t='1494355956.39', event='commit_move', piece='r', move_nu='40', move='(4, 2, 2)', instance='Jam-12')|0|0|0|0|0
Rec(t='1494356292.01', event='start', piece='None', move_nu='0', move='None', instance='Jam-15')|23|518|3166|7|518
Rec(t='1494356301.63', event='commit_move', piece='t', move_nu='0', move='(0, 5, 2)', instance='Jam-15')|23|518|3166|7|518
Rec(t='1494356303.03', event='commit_move', piece='n', move_nu='1', move='(4, 5, 2)', instance='Jam-15')|22|518|3166|8|518
Rec(t='1494356304.28', event='commit_move', piece='g', move_nu='2', move='(2, 4, 2)', instance='Jam-15')|23|518|3166|1|518
Rec(t='1494356319.53', event='commit_move', piece='l', move_nu='3', move='(3, 4, 2)', instance='Jam-15')|24|517|3161|2|517
Rec(t='1494356325.89', event='restart', piece='None', move_nu='4', move='None', instance='Jam-15')|24|518|3166|7|518
Rec(t='1494356326.28', event='start', piece='None', move_nu='0', move='None', instance='Jam-15')|23|518|3166|7|518
Rec(t='1494356333.18', event='commit_move', piece='n', move_nu='0', move='(4, 5, 2)', instance='Jam-15')|22|518|3166|8|518
Rec(t='1494356334.78', event='commit_move', piece='t', move_nu='1', move='(2, 5, 2)', instance='Jam-15')|21|518|3166|8|518
Rec(t='1494356337.81', event='commit_move', piece='w', move_nu='2', move='(0, 3, 3)', instance='Jam-15')|20|517|3161|7|517
Rec(t='1494356339.0', event='commit_move', piece='p', move_nu='3', move='(1, 3, 3)', instance='Jam-15')|19|517|3161|7|517
Rec(t='1494356340.93', event='commit_move', piece='r', move_nu='4', move='(0, 2, 2)', instance='Jam-15')|18|517|3161|7|517
Rec(t='1494356342.45', event='commit_move', piece='g', move_nu='5', move='(2, 2, 2)', instance='Jam-15')|17|488|3017|30|488
Rec(t='1494356343.97', event='commit_move', piece='l', move_nu='6', move='(3, 2, 2)', instance='Jam-15')|16|418|2603|64|418
Rec(t='1494356346.02', event='commit_move', piece='m', move_nu='7', move='(2, 4, 2)', instance='Jam-15')|15|312|1927|68|312
Rec(t='1494356347.82', event='commit_move', piece='y', move_nu='8', move='(4, 2, 3)', instance='Jam-15')|14|219|1310|53|219
Rec(t='1494356349.49', event='commit_move', piece='o', move_nu='9', move='(5, 2, 3)', instance='Jam-15')|13|172|1027|54|172
Rec(t='1494356352.64', event='commit_move', piece='b', move_nu='10', move='(0, 0, 2)', instance='Jam-15')|12|149|902|59|149
Rec(t='1494356356.86', event='commit_move', piece='c', move_nu='11', move='(4, 0, 2)', instance='Jam-15')|11|100|612|75|100
Rec(t='1494356359.46', event='commit_move', piece='B', move_nu='12', move='(4, 1, 2)', instance='Jam-15')|10|71|423|61|71
Rec(t='1494356361.06', event='commit_move', piece='g', move_nu='13', move='(2, 0, 2)', instance='Jam-15')|9|37|198|47|37
Rec(t='1494356363.01', event='commit_move', piece='l', move_nu='14', move='(3, 0, 2)', instance='Jam-15')|8|24|102|25|24
Rec(t='1494356365.05', event='commit_move', piece='r', move_nu='15', move='(2, 2, 2)', instance='Jam-15')|7|17|65|15|17
Rec(t='1494356366.38', event='commit_move', piece='w', move_nu='16', move='(0, 2, 3)', instance='Jam-15')|6|13|49|13|13
Rec(t='1494356367.66', event='commit_move', piece='p', move_nu='17', move='(1, 2, 3)', instance='Jam-15')|5|11|42|10|11
Rec(t='1494356369.68', event='commit_move', piece='t', move_nu='18', move='(0, 5, 2)', instance='Jam-15')|4|9|34|9|9
Rec(t='1494356371.97', event='commit_move', piece='n', move_nu='19', move='(2, 5, 2)', instance='Jam-15')|3|6|23|8|6
Rec(t='1494356373.28', event='commit_move', piece='y', move_nu='20', move='(4, 3, 3)', instance='Jam-15')|2|4|16|7|4
Rec(t='1494356374.73', event='commit_move', piece='o', move_nu='21', move='(5, 3, 3)', instance='Jam-15')|2|2|9|6|2
Rec(t='1494356376.25', event='commit_move', piece='r', move_nu='22', move='(4, 2, 2)', instance='Jam-15')|0|0|0|0|0
Rec(t='1494355490.15', event='start', piece='None', move_nu='0', move='None', instance='Jam-11')|25|628|5089|102|628
Rec(t='1494355497.38', event='commit_move', piece='B', move_nu='0', move='(0, 3, 3)', instance='Jam-11')|24|628|5088|113|628
Rec(t='1494355499.93', event='commit_move', piece='b', move_nu='1', move='(0, 0, 2)', instance='Jam-11')|25|626|5071|8|626
Rec(t='1494355502.43', event='commit_move', piece='r', move_nu='2', move='(0, 2, 2)', instance='Jam-11')|24|629|5094|117|629
Rec(t='1494355504.89', event='commit_move', piece='y', move_nu='3', move='(2, 0, 2)', instance='Jam-11')|23|628|5088|114|628
Rec(t='1494355508.49', event='commit_move', piece='w', move_nu='4', move='(1, 3, 3)', instance='Jam-11')|22|629|5098|115|629
Rec(t='1494355510.46', event='commit_move', piece='c', move_nu='5', move='(5, 0, 2)', instance='Jam-11')|22|630|5106|101|630
Rec(t='1494355518.68', event='commit_move', piece='r', move_nu='6', move='(1, 2, 2)', instance='Jam-11')|23|629|5097|5|629
Rec(t='1494355520.5', event='commit_move', piece='B', move_nu='7', move='(0, 2, 3)', instance='Jam-11')|24|630|5103|4|630
Rec(t='1494355522.66', event='commit_move', piece='l', move_nu='8', move='(0, 5, 3)', instance='Jam-11')|24|629|5097|103|629
Rec(t='1494355524.53', event='commit_move', piece='w', move_nu='9', move='(3, 3, 3)', instance='Jam-11')|23|629|5100|120|629
Rec(t='1494355531.05', event='restart', piece='None', move_nu='10', move='None', instance='Jam-11')|23|628|5088|99|628
Rec(t='1494355531.43', event='start', piece='None', move_nu='0', move='None', instance='Jam-11')|25|627|5080|99|627
Rec(t='1494355537.58', event='commit_move', piece='B', move_nu='0', move='(0, 2, 3)', instance='Jam-11')|25|625|5063|98|625
Rec(t='1494355539.74', event='commit_move', piece='l', move_nu='1', move='(0, 5, 3)', instance='Jam-11')|26|626|5070|8|626
Rec(t='1494355541.74', event='commit_move', piece='b', move_nu='2', move='(0, 0, 2)', instance='Jam-11')|27|629|5097|5|629
Rec(t='1494355543.29', event='commit_move', piece='l', move_nu='3', move='(1, 5, 3)', instance='Jam-11')|26|628|5088|113|628
Rec(t='1494355544.44', event='commit_move', piece='B', move_nu='4', move='(0, 3, 3)', instance='Jam-11')|25|626|5073|114|626
Rec(t='1494355546.54', event='commit_move', piece='r', move_nu='5', move='(0, 2, 2)', instance='Jam-11')|24|631|5114|118|631
Rec(t='1494355548.74', event='commit_move', piece='y', move_nu='6', move='(2, 0, 2)', instance='Jam-11')|23|625|5063|112|625
Rec(t='1494355552.96', event='commit_move', piece='r', move_nu='7', move='(1, 2, 2)', instance='Jam-11')|24|627|5082|7|627
Rec(t='1494355554.84', event='commit_move', piece='w', move_nu='8', move='(1, 3, 3)', instance='Jam-11')|23|625|5063|112|625
Rec(t='1494355557.28', event='commit_move', piece='c', move_nu='9', move='(5, 0, 2)', instance='Jam-11')|23|626|5070|98|626
Rec(t='1494355560.3', event='commit_move', piece='w', move_nu='10', move='(3, 3, 3)', instance='Jam-11')|22|626|5071|113|626
Rec(t='1494355561.98', event='commit_move', piece='l', move_nu='11', move='(3, 5, 3)', instance='Jam-11')|21|628|5086|114|628
Rec(t='1494355563.6', event='commit_move', piece='r', move_nu='12', move='(0, 2, 2)', instance='Jam-11')|20|626|5073|114|626
Rec(t='1494355565.7', event='commit_move', piece='y', move_nu='13', move='(2, 4, 2)', instance='Jam-11')|19|627|5079|116|627
Rec(t='1494355571.57', event='commit_move', piece='r', move_nu='14', move='(1, 2, 2)', instance='Jam-11')|18|627|5078|113|627
Rec(t='1494355573.59', event='commit_move', piece='b', move_nu='15', move='(1, 0, 2)', instance='Jam-11')|17|628|5092|120|628
Rec(t='1494355575.55', event='commit_move', piece='B', move_nu='16', move='(0, 0, 3)', instance='Jam-11')|16|620|5045|120|620
Rec(t='1494355577.64', event='commit_move', piece='w', move_nu='17', move='(0, 3, 3)', instance='Jam-11')|15|587|4777|144|587
Rec(t='1494355580.54', event='commit_move', piece='w', move_nu='18', move='(3, 3, 3)', instance='Jam-11')|16|621|5052|7|621
Rec(t='1494355582.49', event='commit_move', piece='y', move_nu='19', move='(2, 3, 2)', instance='Jam-11')|17|625|5063|9|625
Rec(t='1494355584.52', event='commit_move', piece='l', move_nu='20', move='(0, 5, 3)', instance='Jam-11')|18|625|5063|9|625
Rec(t='1494355590.68', event='restart', piece='None', move_nu='21', move='None', instance='Jam-11')|18|628|5089|102|628
Rec(t='1494355591.06', event='start', piece='None', move_nu='0', move='None', instance='Jam-11')|25|629|5098|101|629
Rec(t='1494355599.42', event='commit_move', piece='B', move_nu='0', move='(0, 3, 3)', instance='Jam-11')|24|626|5072|116|626
Rec(t='1494355608.39', event='commit_move', piece='r', move_nu='1', move='(0, 2, 2)', instance='Jam-11')|23|625|5063|112|625
Rec(t='1494355610.0', event='commit_move', piece='b', move_nu='2', move='(0, 0, 2)', instance='Jam-11')|24|627|5082|7|627
Rec(t='1494355622.49', event='commit_move', piece='y', move_nu='3', move='(2, 1, 2)', instance='Jam-11')|23|628|5092|120|628
Rec(t='1494355623.91', event='commit_move', piece='w', move_nu='4', move='(1, 3, 3)', instance='Jam-11')|22|627|5079|116|627
Rec(t='1494355625.7', event='commit_move', piece='c', move_nu='5', move='(5, 0, 2)', instance='Jam-11')|22|627|5081|101|627
Rec(t='1494355627.1', event='commit_move', piece='l', move_nu='6', move='(3, 5, 3)', instance='Jam-11')|21|627|5079|116|627
Rec(t='1494355630.73', event='commit_move', piece='w', move_nu='7', move='(3, 3, 3)', instance='Jam-11')|20|626|5071|113|626
Rec(t='1494355632.47', event='commit_move', piece='b', move_nu='8', move='(1, 0, 2)', instance='Jam-11')|19|627|5080|113|627
Rec(t='1494355634.47', event='commit_move', piece='y', move_nu='9', move='(2, 4, 2)', instance='Jam-11')|18|626|5071|113|626
Rec(t='1494355636.25', event='commit_move', piece='r', move_nu='10', move='(1, 2, 2)', instance='Jam-11')|17|629|5093|114|629
Rec(t='1494355638.62', event='commit_move', piece='B', move_nu='11', move='(0, 0, 3)', instance='Jam-11')|16|624|5075|120|624
Rec(t='1494355650.42', event='commit_move', piece='w', move_nu='12', move='(0, 3, 3)', instance='Jam-11')|15|593|4826|150|593
Rec(t='1494355652.31', event='commit_move', piece='M', move_nu='13', move='(3, 2, 3)', instance='Jam-11')|14|469|3720|206|469
Rec(t='1494355654.21', event='commit_move', piece='b', move_nu='14', move='(3, 0, 2)', instance='Jam-11')|14|417|3257|156|417
Rec(t='1494355657.49', event='commit_move', piece='M', move_nu='15', move='(3, 1, 3)', instance='Jam-11')|14|416|3247|155|416
Rec(t='1494355659.69', event='commit_move', piece='c', move_nu='16', move='(5, 1, 2)', instance='Jam-11')|13|364|2821|182|364
Rec(t='1494355660.86', event='commit_move', piece='b', move_nu='17', move='(4, 0, 2)', instance='Jam-11')|12|314|2438|191|314
Rec(t='1494355662.23', event='commit_move', piece='M', move_nu='18', move='(3, 0, 3)', instance='Jam-11')|11|237|1839|179|237
Rec(t='1494355664.01', event='commit_move', piece='w', move_nu='19', move='(3, 3, 3)', instance='Jam-11')|10|199|1521|142|199
Rec(t='1494355667.72', event='commit_move', piece='B', move_nu='20', move='(0, 3, 3)', instance='Jam-11')|9|192|1463|128|192
Rec(t='1494355669.28', event='restart', piece='r', move_nu='21', move='(1, 2, 2)', instance='Jam-11')|9|189|1436|99|189
Rec(t='1494355669.66', event='start', piece='None', move_nu='0', move='None', instance='Jam-11')|25|627|5078|99|627
Rec(t='1494355672.74', event='commit_move', piece='B', move_nu='0', move='(0, 3, 3)', instance='Jam-11')|24|628|5087|117|628
Rec(t='1494355674.75', event='commit_move', piece='b', move_nu='1', move='(0, 0, 2)', instance='Jam-11')|25|627|5080|7|627
Rec(t='1494355676.64', event='commit_move', piece='r', move_nu='2', move='(0, 2, 2)', instance='Jam-11')|24|628|5088|115|628
Rec(t='1494355678.74', event='commit_move', piece='y', move_nu='3', move='(2, 0, 2)', instance='Jam-11')|23|627|5082|118|627
Rec(t='1494355681.59', event='commit_move', piece='l', move_nu='4', move='(1, 5, 3)', instance='Jam-11')|23|628|5086|100|628
Rec(t='1494355683.59', event='commit_move', piece='w', move_nu='5', move='(1, 3, 3)', instance='Jam-11')|22|628|5090|118|628
Rec(t='1494355685.91', event='commit_move', piece='c', move_nu='6', move='(5, 0, 2)', instance='Jam-11')|22|626|5072|100|626
Rec(t='1494355689.06', event='commit_move', piece='r', move_nu='7', move='(1, 2, 2)', instance='Jam-11')|23|628|5088|6|628
Rec(t='1494355693.73', event='commit_move', piece='B', move_nu='8', move='(0, 1, 3)', instance='Jam-11')|24|627|5082|7|627
Rec(t='1494355697.46', event='commit_move', piece='l', move_nu='9', move='(3, 5, 3)', instance='Jam-11')|23|629|5098|115|629
Rec(t='1494355698.9', event='commit_move', piece='w', move_nu='10', move='(3, 3, 3)', instance='Jam-11')|22|626|5072|116|626
Rec(t='1494355703.05', event='commit_move', piece='B', move_nu='11', move='(0, 3, 3)', instance='Jam-11')|21|627|5078|113|627
Rec(t='1494355704.28', event='commit_move', piece='r', move_nu='12', move='(0, 2, 2)', instance='Jam-11')|20|627|5082|118|627
Rec(t='1494355706.32', event='commit_move', piece='y', move_nu='13', move='(2, 3, 2)', instance='Jam-11')|20|626|5073|100|626
Rec(t='1494355714.34', event='restart', piece='None', move_nu='14', move='None', instance='Jam-11')|20|628|5091|102|628
Rec(t='1494355714.74', event='start', piece='None', move_nu='0', move='None', instance='Jam-11')|25|630|5107|103|630
Rec(t='1494355717.21', event='commit_move', piece='B', move_nu='0', move='(0, 3, 3)', instance='Jam-11')|24|627|5080|117|627
Rec(t='1494355720.49', event='commit_move', piece='r', move_nu='1', move='(0, 2, 2)', instance='Jam-11')|23|631|5112|118|631
Rec(t='1494355721.74', event='commit_move', piece='b', move_nu='2', move='(0, 0, 2)', instance='Jam-11')|24|626|5073|8|626
Rec(t='1494355723.71', event='commit_move', piece='y', move_nu='3', move='(2, 0, 2)', instance='Jam-11')|23|627|5082|118|627
Rec(t='1494355726.78', event='commit_move', piece='w', move_nu='4', move='(1, 3, 3)', instance='Jam-11')|22|627|5080|117|627
Rec(t='1494355728.38', event='commit_move', piece='l', move_nu='5', move='(1, 5, 3)', instance='Jam-11')|22|628|5090|101|628
Rec(t='1494355730.06', event='commit_move', piece='c', move_nu='6', move='(5, 0, 2)', instance='Jam-11')|22|632|5122|102|632
Rec(t='1494355732.65', event='commit_move', piece='l', move_nu='7', move='(3, 5, 3)', instance='Jam-11')|21|627|5082|118|627
Rec(t='1494355734.06', event='commit_move', piece='w', move_nu='8', move='(3, 3, 3)', instance='Jam-11')|20|628|5088|113|628
Rec(t='1494355736.08', event='commit_move', piece='y', move_nu='9', move='(2, 4, 2)', instance='Jam-11')|19|629|5096|114|629
Rec(t='1494355737.62', event='commit_move', piece='b', move_nu='10', move='(1, 0, 2)', instance='Jam-11')|18|627|5078|113|627
Rec(t='1494355739.32', event='commit_move', piece='r', move_nu='11', move='(1, 2, 2)', instance='Jam-11')|17|629|5093|114|629
Rec(t='1494355741.05', event='commit_move', piece='B', move_nu='12', move='(0, 0, 3)', instance='Jam-11')|16|622|5060|120|622
Rec(t='1494355745.57', event='commit_move', piece='w', move_nu='13', move='(0, 3, 3)', instance='Jam-11')|15|588|4786|148|588
Rec(t='1494355747.04', event='commit_move', piece='M', move_nu='14', move='(3, 1, 3)', instance='Jam-11')|14|473|3753|208|473
Rec(t='1494355749.34', event='commit_move', piece='c', move_nu='15', move='(5, 3, 2)', instance='Jam-11')|14|435|3407|159|435
Rec(t='1494355751.34', event='commit_move', piece='b', move_nu='16', move='(4, 0, 2)', instance='Jam-11')|13|337|2612|187|337
Rec(t='1494355752.96', event='commit_move', piece='M', move_nu='17', move='(3, 0, 3)', instance='Jam-11')|12|259|2003|178|259
Rec(t='1494355756.84', event='commit_move', piece='c', move_nu='18', move='(5, 1, 2)', instance='Jam-11')|11|233|1802|172|233
Rec(t='1494355758.38', event='commit_move', piece='w', move_nu='19', move='(3, 3, 3)', instance='Jam-11')|10|198|1511|140|198
Rec(t='1494355759.61', event='commit_move', piece='y', move_nu='20', move='(2, 3, 2)', instance='Jam-11')|10|188|1435|108|188
Rec(t='1494355761.38', event='commit_move', piece='l', move_nu='21', move='(0, 5, 3)', instance='Jam-11')|11|246|1973|5|246
Rec(t='1494355766.68', event='commit_move', piece='l', move_nu='22', move='(1, 5, 3)', instance='Jam-11')|10|188|1484|137|188
Rec(t='1494355768.35', event='commit_move', piece='B', move_nu='23', move='(0, 3, 3)', instance='Jam-11')|9|147|1195|144|147
Rec(t='1494355769.5', event='commit_move', piece='r', move_nu='24', move='(0, 2, 2)', instance='Jam-11')|8|124|1038|123|124
Rec(t='1494355772.78', event='commit_move', piece='y', move_nu='25', move='(2, 0, 2)', instance='Jam-11')|7|98|874|128|98
Rec(t='1494355803.77', event='commit_move', piece='w', move_nu='26', move='(1, 3, 3)', instance='Jam-11')|7|124|1128|119|124
Rec(t='1494355805.22', event='commit_move', piece='r', move_nu='27', move='(1, 2, 2)', instance='Jam-11')|6|87|849|115|87
Rec(t='1494355807.53', event='commit_move', piece='B', move_nu='28', move='(0, 0, 3)', instance='Jam-11')|5|56|554|117|56
Rec(t='1494355809.24', event='commit_move', piece='w', move_nu='29', move='(0, 3, 3)', instance='Jam-11')|4|34|324|78|34
Rec(t='1494355810.81', event='commit_move', piece='l', move_nu='30', move='(0, 5, 3)', instance='Jam-11')|3|19|179|64|19
Rec(t='1494355812.47', event='commit_move', piece='M', move_nu='31', move='(3, 3, 3)', instance='Jam-11')|2|11|94|36|11
Rec(t='1494355814.27', event='commit_move', piece='c', move_nu='32', move='(5, 4, 2)', instance='Jam-11')|2|2|18|14|2
Rec(t='1494355815.65', event='commit_move', piece='r', move_nu='33', move='(4, 2, 2)', instance='Jam-11')|0|0|0|0|0
